//! Generated by scripts/gen_unicode_tables.py from CPython 3.13.11,
//! Unicode 15.1.0. Do not edit: these are the interpreter's own
//! character classes, so the Rust tokenizer cannot disagree with the pure one.

pub const PYTHON_VERSION: &str = "3.13.11";
pub const UNICODE_VERSION: &str = "15.1.0";

pub static WORD: [(u32, u32); 749] = [
    (0x30, 0x39),
    (0x41, 0x5A),
    (0x5F, 0x5F),
    (0x61, 0x7A),
    (0xAA, 0xAA),
    (0xB2, 0xB3),
    (0xB5, 0xB5),
    (0xB9, 0xBA),
    (0xBC, 0xBE),
    (0xC0, 0xD6),
    (0xD8, 0xF6),
    (0xF8, 0x2C1),
    (0x2C6, 0x2D1),
    (0x2E0, 0x2E4),
    (0x2EC, 0x2EC),
    (0x2EE, 0x2EE),
    (0x370, 0x374),
    (0x376, 0x377),
    (0x37A, 0x37D),
    (0x37F, 0x37F),
    (0x386, 0x386),
    (0x388, 0x38A),
    (0x38C, 0x38C),
    (0x38E, 0x3A1),
    (0x3A3, 0x3F5),
    (0x3F7, 0x481),
    (0x48A, 0x52F),
    (0x531, 0x556),
    (0x559, 0x559),
    (0x560, 0x588),
    (0x5D0, 0x5EA),
    (0x5EF, 0x5F2),
    (0x620, 0x64A),
    (0x660, 0x669),
    (0x66E, 0x66F),
    (0x671, 0x6D3),
    (0x6D5, 0x6D5),
    (0x6E5, 0x6E6),
    (0x6EE, 0x6FC),
    (0x6FF, 0x6FF),
    (0x710, 0x710),
    (0x712, 0x72F),
    (0x74D, 0x7A5),
    (0x7B1, 0x7B1),
    (0x7C0, 0x7EA),
    (0x7F4, 0x7F5),
    (0x7FA, 0x7FA),
    (0x800, 0x815),
    (0x81A, 0x81A),
    (0x824, 0x824),
    (0x828, 0x828),
    (0x840, 0x858),
    (0x860, 0x86A),
    (0x870, 0x887),
    (0x889, 0x88E),
    (0x8A0, 0x8C9),
    (0x904, 0x939),
    (0x93D, 0x93D),
    (0x950, 0x950),
    (0x958, 0x961),
    (0x966, 0x96F),
    (0x971, 0x980),
    (0x985, 0x98C),
    (0x98F, 0x990),
    (0x993, 0x9A8),
    (0x9AA, 0x9B0),
    (0x9B2, 0x9B2),
    (0x9B6, 0x9B9),
    (0x9BD, 0x9BD),
    (0x9CE, 0x9CE),
    (0x9DC, 0x9DD),
    (0x9DF, 0x9E1),
    (0x9E6, 0x9F1),
    (0x9F4, 0x9F9),
    (0x9FC, 0x9FC),
    (0xA05, 0xA0A),
    (0xA0F, 0xA10),
    (0xA13, 0xA28),
    (0xA2A, 0xA30),
    (0xA32, 0xA33),
    (0xA35, 0xA36),
    (0xA38, 0xA39),
    (0xA59, 0xA5C),
    (0xA5E, 0xA5E),
    (0xA66, 0xA6F),
    (0xA72, 0xA74),
    (0xA85, 0xA8D),
    (0xA8F, 0xA91),
    (0xA93, 0xAA8),
    (0xAAA, 0xAB0),
    (0xAB2, 0xAB3),
    (0xAB5, 0xAB9),
    (0xABD, 0xABD),
    (0xAD0, 0xAD0),
    (0xAE0, 0xAE1),
    (0xAE6, 0xAEF),
    (0xAF9, 0xAF9),
    (0xB05, 0xB0C),
    (0xB0F, 0xB10),
    (0xB13, 0xB28),
    (0xB2A, 0xB30),
    (0xB32, 0xB33),
    (0xB35, 0xB39),
    (0xB3D, 0xB3D),
    (0xB5C, 0xB5D),
    (0xB5F, 0xB61),
    (0xB66, 0xB6F),
    (0xB71, 0xB77),
    (0xB83, 0xB83),
    (0xB85, 0xB8A),
    (0xB8E, 0xB90),
    (0xB92, 0xB95),
    (0xB99, 0xB9A),
    (0xB9C, 0xB9C),
    (0xB9E, 0xB9F),
    (0xBA3, 0xBA4),
    (0xBA8, 0xBAA),
    (0xBAE, 0xBB9),
    (0xBD0, 0xBD0),
    (0xBE6, 0xBF2),
    (0xC05, 0xC0C),
    (0xC0E, 0xC10),
    (0xC12, 0xC28),
    (0xC2A, 0xC39),
    (0xC3D, 0xC3D),
    (0xC58, 0xC5A),
    (0xC5D, 0xC5D),
    (0xC60, 0xC61),
    (0xC66, 0xC6F),
    (0xC78, 0xC7E),
    (0xC80, 0xC80),
    (0xC85, 0xC8C),
    (0xC8E, 0xC90),
    (0xC92, 0xCA8),
    (0xCAA, 0xCB3),
    (0xCB5, 0xCB9),
    (0xCBD, 0xCBD),
    (0xCDD, 0xCDE),
    (0xCE0, 0xCE1),
    (0xCE6, 0xCEF),
    (0xCF1, 0xCF2),
    (0xD04, 0xD0C),
    (0xD0E, 0xD10),
    (0xD12, 0xD3A),
    (0xD3D, 0xD3D),
    (0xD4E, 0xD4E),
    (0xD54, 0xD56),
    (0xD58, 0xD61),
    (0xD66, 0xD78),
    (0xD7A, 0xD7F),
    (0xD85, 0xD96),
    (0xD9A, 0xDB1),
    (0xDB3, 0xDBB),
    (0xDBD, 0xDBD),
    (0xDC0, 0xDC6),
    (0xDE6, 0xDEF),
    (0xE01, 0xE30),
    (0xE32, 0xE33),
    (0xE40, 0xE46),
    (0xE50, 0xE59),
    (0xE81, 0xE82),
    (0xE84, 0xE84),
    (0xE86, 0xE8A),
    (0xE8C, 0xEA3),
    (0xEA5, 0xEA5),
    (0xEA7, 0xEB0),
    (0xEB2, 0xEB3),
    (0xEBD, 0xEBD),
    (0xEC0, 0xEC4),
    (0xEC6, 0xEC6),
    (0xED0, 0xED9),
    (0xEDC, 0xEDF),
    (0xF00, 0xF00),
    (0xF20, 0xF33),
    (0xF40, 0xF47),
    (0xF49, 0xF6C),
    (0xF88, 0xF8C),
    (0x1000, 0x102A),
    (0x103F, 0x1049),
    (0x1050, 0x1055),
    (0x105A, 0x105D),
    (0x1061, 0x1061),
    (0x1065, 0x1066),
    (0x106E, 0x1070),
    (0x1075, 0x1081),
    (0x108E, 0x108E),
    (0x1090, 0x1099),
    (0x10A0, 0x10C5),
    (0x10C7, 0x10C7),
    (0x10CD, 0x10CD),
    (0x10D0, 0x10FA),
    (0x10FC, 0x1248),
    (0x124A, 0x124D),
    (0x1250, 0x1256),
    (0x1258, 0x1258),
    (0x125A, 0x125D),
    (0x1260, 0x1288),
    (0x128A, 0x128D),
    (0x1290, 0x12B0),
    (0x12B2, 0x12B5),
    (0x12B8, 0x12BE),
    (0x12C0, 0x12C0),
    (0x12C2, 0x12C5),
    (0x12C8, 0x12D6),
    (0x12D8, 0x1310),
    (0x1312, 0x1315),
    (0x1318, 0x135A),
    (0x1369, 0x137C),
    (0x1380, 0x138F),
    (0x13A0, 0x13F5),
    (0x13F8, 0x13FD),
    (0x1401, 0x166C),
    (0x166F, 0x167F),
    (0x1681, 0x169A),
    (0x16A0, 0x16EA),
    (0x16EE, 0x16F8),
    (0x1700, 0x1711),
    (0x171F, 0x1731),
    (0x1740, 0x1751),
    (0x1760, 0x176C),
    (0x176E, 0x1770),
    (0x1780, 0x17B3),
    (0x17D7, 0x17D7),
    (0x17DC, 0x17DC),
    (0x17E0, 0x17E9),
    (0x17F0, 0x17F9),
    (0x1810, 0x1819),
    (0x1820, 0x1878),
    (0x1880, 0x1884),
    (0x1887, 0x18A8),
    (0x18AA, 0x18AA),
    (0x18B0, 0x18F5),
    (0x1900, 0x191E),
    (0x1946, 0x196D),
    (0x1970, 0x1974),
    (0x1980, 0x19AB),
    (0x19B0, 0x19C9),
    (0x19D0, 0x19DA),
    (0x1A00, 0x1A16),
    (0x1A20, 0x1A54),
    (0x1A80, 0x1A89),
    (0x1A90, 0x1A99),
    (0x1AA7, 0x1AA7),
    (0x1B05, 0x1B33),
    (0x1B45, 0x1B4C),
    (0x1B50, 0x1B59),
    (0x1B83, 0x1BA0),
    (0x1BAE, 0x1BE5),
    (0x1C00, 0x1C23),
    (0x1C40, 0x1C49),
    (0x1C4D, 0x1C7D),
    (0x1C80, 0x1C88),
    (0x1C90, 0x1CBA),
    (0x1CBD, 0x1CBF),
    (0x1CE9, 0x1CEC),
    (0x1CEE, 0x1CF3),
    (0x1CF5, 0x1CF6),
    (0x1CFA, 0x1CFA),
    (0x1D00, 0x1DBF),
    (0x1E00, 0x1F15),
    (0x1F18, 0x1F1D),
    (0x1F20, 0x1F45),
    (0x1F48, 0x1F4D),
    (0x1F50, 0x1F57),
    (0x1F59, 0x1F59),
    (0x1F5B, 0x1F5B),
    (0x1F5D, 0x1F5D),
    (0x1F5F, 0x1F7D),
    (0x1F80, 0x1FB4),
    (0x1FB6, 0x1FBC),
    (0x1FBE, 0x1FBE),
    (0x1FC2, 0x1FC4),
    (0x1FC6, 0x1FCC),
    (0x1FD0, 0x1FD3),
    (0x1FD6, 0x1FDB),
    (0x1FE0, 0x1FEC),
    (0x1FF2, 0x1FF4),
    (0x1FF6, 0x1FFC),
    (0x2070, 0x2071),
    (0x2074, 0x2079),
    (0x207F, 0x2089),
    (0x2090, 0x209C),
    (0x2102, 0x2102),
    (0x2107, 0x2107),
    (0x210A, 0x2113),
    (0x2115, 0x2115),
    (0x2119, 0x211D),
    (0x2124, 0x2124),
    (0x2126, 0x2126),
    (0x2128, 0x2128),
    (0x212A, 0x212D),
    (0x212F, 0x2139),
    (0x213C, 0x213F),
    (0x2145, 0x2149),
    (0x214E, 0x214E),
    (0x2150, 0x2189),
    (0x2460, 0x249B),
    (0x24EA, 0x24FF),
    (0x2776, 0x2793),
    (0x2C00, 0x2CE4),
    (0x2CEB, 0x2CEE),
    (0x2CF2, 0x2CF3),
    (0x2CFD, 0x2CFD),
    (0x2D00, 0x2D25),
    (0x2D27, 0x2D27),
    (0x2D2D, 0x2D2D),
    (0x2D30, 0x2D67),
    (0x2D6F, 0x2D6F),
    (0x2D80, 0x2D96),
    (0x2DA0, 0x2DA6),
    (0x2DA8, 0x2DAE),
    (0x2DB0, 0x2DB6),
    (0x2DB8, 0x2DBE),
    (0x2DC0, 0x2DC6),
    (0x2DC8, 0x2DCE),
    (0x2DD0, 0x2DD6),
    (0x2DD8, 0x2DDE),
    (0x2E2F, 0x2E2F),
    (0x3005, 0x3007),
    (0x3021, 0x3029),
    (0x3031, 0x3035),
    (0x3038, 0x303C),
    (0x3041, 0x3096),
    (0x309D, 0x309F),
    (0x30A1, 0x30FA),
    (0x30FC, 0x30FF),
    (0x3105, 0x312F),
    (0x3131, 0x318E),
    (0x3192, 0x3195),
    (0x31A0, 0x31BF),
    (0x31F0, 0x31FF),
    (0x3220, 0x3229),
    (0x3248, 0x324F),
    (0x3251, 0x325F),
    (0x3280, 0x3289),
    (0x32B1, 0x32BF),
    (0x3400, 0x4DBF),
    (0x4E00, 0xA48C),
    (0xA4D0, 0xA4FD),
    (0xA500, 0xA60C),
    (0xA610, 0xA62B),
    (0xA640, 0xA66E),
    (0xA67F, 0xA69D),
    (0xA6A0, 0xA6EF),
    (0xA717, 0xA71F),
    (0xA722, 0xA788),
    (0xA78B, 0xA7CA),
    (0xA7D0, 0xA7D1),
    (0xA7D3, 0xA7D3),
    (0xA7D5, 0xA7D9),
    (0xA7F2, 0xA801),
    (0xA803, 0xA805),
    (0xA807, 0xA80A),
    (0xA80C, 0xA822),
    (0xA830, 0xA835),
    (0xA840, 0xA873),
    (0xA882, 0xA8B3),
    (0xA8D0, 0xA8D9),
    (0xA8F2, 0xA8F7),
    (0xA8FB, 0xA8FB),
    (0xA8FD, 0xA8FE),
    (0xA900, 0xA925),
    (0xA930, 0xA946),
    (0xA960, 0xA97C),
    (0xA984, 0xA9B2),
    (0xA9CF, 0xA9D9),
    (0xA9E0, 0xA9E4),
    (0xA9E6, 0xA9FE),
    (0xAA00, 0xAA28),
    (0xAA40, 0xAA42),
    (0xAA44, 0xAA4B),
    (0xAA50, 0xAA59),
    (0xAA60, 0xAA76),
    (0xAA7A, 0xAA7A),
    (0xAA7E, 0xAAAF),
    (0xAAB1, 0xAAB1),
    (0xAAB5, 0xAAB6),
    (0xAAB9, 0xAABD),
    (0xAAC0, 0xAAC0),
    (0xAAC2, 0xAAC2),
    (0xAADB, 0xAADD),
    (0xAAE0, 0xAAEA),
    (0xAAF2, 0xAAF4),
    (0xAB01, 0xAB06),
    (0xAB09, 0xAB0E),
    (0xAB11, 0xAB16),
    (0xAB20, 0xAB26),
    (0xAB28, 0xAB2E),
    (0xAB30, 0xAB5A),
    (0xAB5C, 0xAB69),
    (0xAB70, 0xABE2),
    (0xABF0, 0xABF9),
    (0xAC00, 0xD7A3),
    (0xD7B0, 0xD7C6),
    (0xD7CB, 0xD7FB),
    (0xF900, 0xFA6D),
    (0xFA70, 0xFAD9),
    (0xFB00, 0xFB06),
    (0xFB13, 0xFB17),
    (0xFB1D, 0xFB1D),
    (0xFB1F, 0xFB28),
    (0xFB2A, 0xFB36),
    (0xFB38, 0xFB3C),
    (0xFB3E, 0xFB3E),
    (0xFB40, 0xFB41),
    (0xFB43, 0xFB44),
    (0xFB46, 0xFBB1),
    (0xFBD3, 0xFD3D),
    (0xFD50, 0xFD8F),
    (0xFD92, 0xFDC7),
    (0xFDF0, 0xFDFB),
    (0xFE70, 0xFE74),
    (0xFE76, 0xFEFC),
    (0xFF10, 0xFF19),
    (0xFF21, 0xFF3A),
    (0xFF41, 0xFF5A),
    (0xFF66, 0xFFBE),
    (0xFFC2, 0xFFC7),
    (0xFFCA, 0xFFCF),
    (0xFFD2, 0xFFD7),
    (0xFFDA, 0xFFDC),
    (0x10000, 0x1000B),
    (0x1000D, 0x10026),
    (0x10028, 0x1003A),
    (0x1003C, 0x1003D),
    (0x1003F, 0x1004D),
    (0x10050, 0x1005D),
    (0x10080, 0x100FA),
    (0x10107, 0x10133),
    (0x10140, 0x10178),
    (0x1018A, 0x1018B),
    (0x10280, 0x1029C),
    (0x102A0, 0x102D0),
    (0x102E1, 0x102FB),
    (0x10300, 0x10323),
    (0x1032D, 0x1034A),
    (0x10350, 0x10375),
    (0x10380, 0x1039D),
    (0x103A0, 0x103C3),
    (0x103C8, 0x103CF),
    (0x103D1, 0x103D5),
    (0x10400, 0x1049D),
    (0x104A0, 0x104A9),
    (0x104B0, 0x104D3),
    (0x104D8, 0x104FB),
    (0x10500, 0x10527),
    (0x10530, 0x10563),
    (0x10570, 0x1057A),
    (0x1057C, 0x1058A),
    (0x1058C, 0x10592),
    (0x10594, 0x10595),
    (0x10597, 0x105A1),
    (0x105A3, 0x105B1),
    (0x105B3, 0x105B9),
    (0x105BB, 0x105BC),
    (0x10600, 0x10736),
    (0x10740, 0x10755),
    (0x10760, 0x10767),
    (0x10780, 0x10785),
    (0x10787, 0x107B0),
    (0x107B2, 0x107BA),
    (0x10800, 0x10805),
    (0x10808, 0x10808),
    (0x1080A, 0x10835),
    (0x10837, 0x10838),
    (0x1083C, 0x1083C),
    (0x1083F, 0x10855),
    (0x10858, 0x10876),
    (0x10879, 0x1089E),
    (0x108A7, 0x108AF),
    (0x108E0, 0x108F2),
    (0x108F4, 0x108F5),
    (0x108FB, 0x1091B),
    (0x10920, 0x10939),
    (0x10980, 0x109B7),
    (0x109BC, 0x109CF),
    (0x109D2, 0x10A00),
    (0x10A10, 0x10A13),
    (0x10A15, 0x10A17),
    (0x10A19, 0x10A35),
    (0x10A40, 0x10A48),
    (0x10A60, 0x10A7E),
    (0x10A80, 0x10A9F),
    (0x10AC0, 0x10AC7),
    (0x10AC9, 0x10AE4),
    (0x10AEB, 0x10AEF),
    (0x10B00, 0x10B35),
    (0x10B40, 0x10B55),
    (0x10B58, 0x10B72),
    (0x10B78, 0x10B91),
    (0x10BA9, 0x10BAF),
    (0x10C00, 0x10C48),
    (0x10C80, 0x10CB2),
    (0x10CC0, 0x10CF2),
    (0x10CFA, 0x10D23),
    (0x10D30, 0x10D39),
    (0x10E60, 0x10E7E),
    (0x10E80, 0x10EA9),
    (0x10EB0, 0x10EB1),
    (0x10F00, 0x10F27),
    (0x10F30, 0x10F45),
    (0x10F51, 0x10F54),
    (0x10F70, 0x10F81),
    (0x10FB0, 0x10FCB),
    (0x10FE0, 0x10FF6),
    (0x11003, 0x11037),
    (0x11052, 0x1106F),
    (0x11071, 0x11072),
    (0x11075, 0x11075),
    (0x11083, 0x110AF),
    (0x110D0, 0x110E8),
    (0x110F0, 0x110F9),
    (0x11103, 0x11126),
    (0x11136, 0x1113F),
    (0x11144, 0x11144),
    (0x11147, 0x11147),
    (0x11150, 0x11172),
    (0x11176, 0x11176),
    (0x11183, 0x111B2),
    (0x111C1, 0x111C4),
    (0x111D0, 0x111DA),
    (0x111DC, 0x111DC),
    (0x111E1, 0x111F4),
    (0x11200, 0x11211),
    (0x11213, 0x1122B),
    (0x1123F, 0x11240),
    (0x11280, 0x11286),
    (0x11288, 0x11288),
    (0x1128A, 0x1128D),
    (0x1128F, 0x1129D),
    (0x1129F, 0x112A8),
    (0x112B0, 0x112DE),
    (0x112F0, 0x112F9),
    (0x11305, 0x1130C),
    (0x1130F, 0x11310),
    (0x11313, 0x11328),
    (0x1132A, 0x11330),
    (0x11332, 0x11333),
    (0x11335, 0x11339),
    (0x1133D, 0x1133D),
    (0x11350, 0x11350),
    (0x1135D, 0x11361),
    (0x11400, 0x11434),
    (0x11447, 0x1144A),
    (0x11450, 0x11459),
    (0x1145F, 0x11461),
    (0x11480, 0x114AF),
    (0x114C4, 0x114C5),
    (0x114C7, 0x114C7),
    (0x114D0, 0x114D9),
    (0x11580, 0x115AE),
    (0x115D8, 0x115DB),
    (0x11600, 0x1162F),
    (0x11644, 0x11644),
    (0x11650, 0x11659),
    (0x11680, 0x116AA),
    (0x116B8, 0x116B8),
    (0x116C0, 0x116C9),
    (0x11700, 0x1171A),
    (0x11730, 0x1173B),
    (0x11740, 0x11746),
    (0x11800, 0x1182B),
    (0x118A0, 0x118F2),
    (0x118FF, 0x11906),
    (0x11909, 0x11909),
    (0x1190C, 0x11913),
    (0x11915, 0x11916),
    (0x11918, 0x1192F),
    (0x1193F, 0x1193F),
    (0x11941, 0x11941),
    (0x11950, 0x11959),
    (0x119A0, 0x119A7),
    (0x119AA, 0x119D0),
    (0x119E1, 0x119E1),
    (0x119E3, 0x119E3),
    (0x11A00, 0x11A00),
    (0x11A0B, 0x11A32),
    (0x11A3A, 0x11A3A),
    (0x11A50, 0x11A50),
    (0x11A5C, 0x11A89),
    (0x11A9D, 0x11A9D),
    (0x11AB0, 0x11AF8),
    (0x11C00, 0x11C08),
    (0x11C0A, 0x11C2E),
    (0x11C40, 0x11C40),
    (0x11C50, 0x11C6C),
    (0x11C72, 0x11C8F),
    (0x11D00, 0x11D06),
    (0x11D08, 0x11D09),
    (0x11D0B, 0x11D30),
    (0x11D46, 0x11D46),
    (0x11D50, 0x11D59),
    (0x11D60, 0x11D65),
    (0x11D67, 0x11D68),
    (0x11D6A, 0x11D89),
    (0x11D98, 0x11D98),
    (0x11DA0, 0x11DA9),
    (0x11EE0, 0x11EF2),
    (0x11F02, 0x11F02),
    (0x11F04, 0x11F10),
    (0x11F12, 0x11F33),
    (0x11F50, 0x11F59),
    (0x11FB0, 0x11FB0),
    (0x11FC0, 0x11FD4),
    (0x12000, 0x12399),
    (0x12400, 0x1246E),
    (0x12480, 0x12543),
    (0x12F90, 0x12FF0),
    (0x13000, 0x1342F),
    (0x13441, 0x13446),
    (0x14400, 0x14646),
    (0x16800, 0x16A38),
    (0x16A40, 0x16A5E),
    (0x16A60, 0x16A69),
    (0x16A70, 0x16ABE),
    (0x16AC0, 0x16AC9),
    (0x16AD0, 0x16AED),
    (0x16B00, 0x16B2F),
    (0x16B40, 0x16B43),
    (0x16B50, 0x16B59),
    (0x16B5B, 0x16B61),
    (0x16B63, 0x16B77),
    (0x16B7D, 0x16B8F),
    (0x16E40, 0x16E96),
    (0x16F00, 0x16F4A),
    (0x16F50, 0x16F50),
    (0x16F93, 0x16F9F),
    (0x16FE0, 0x16FE1),
    (0x16FE3, 0x16FE3),
    (0x17000, 0x187F7),
    (0x18800, 0x18CD5),
    (0x18D00, 0x18D08),
    (0x1AFF0, 0x1AFF3),
    (0x1AFF5, 0x1AFFB),
    (0x1AFFD, 0x1AFFE),
    (0x1B000, 0x1B122),
    (0x1B132, 0x1B132),
    (0x1B150, 0x1B152),
    (0x1B155, 0x1B155),
    (0x1B164, 0x1B167),
    (0x1B170, 0x1B2FB),
    (0x1BC00, 0x1BC6A),
    (0x1BC70, 0x1BC7C),
    (0x1BC80, 0x1BC88),
    (0x1BC90, 0x1BC99),
    (0x1D2C0, 0x1D2D3),
    (0x1D2E0, 0x1D2F3),
    (0x1D360, 0x1D378),
    (0x1D400, 0x1D454),
    (0x1D456, 0x1D49C),
    (0x1D49E, 0x1D49F),
    (0x1D4A2, 0x1D4A2),
    (0x1D4A5, 0x1D4A6),
    (0x1D4A9, 0x1D4AC),
    (0x1D4AE, 0x1D4B9),
    (0x1D4BB, 0x1D4BB),
    (0x1D4BD, 0x1D4C3),
    (0x1D4C5, 0x1D505),
    (0x1D507, 0x1D50A),
    (0x1D50D, 0x1D514),
    (0x1D516, 0x1D51C),
    (0x1D51E, 0x1D539),
    (0x1D53B, 0x1D53E),
    (0x1D540, 0x1D544),
    (0x1D546, 0x1D546),
    (0x1D54A, 0x1D550),
    (0x1D552, 0x1D6A5),
    (0x1D6A8, 0x1D6C0),
    (0x1D6C2, 0x1D6DA),
    (0x1D6DC, 0x1D6FA),
    (0x1D6FC, 0x1D714),
    (0x1D716, 0x1D734),
    (0x1D736, 0x1D74E),
    (0x1D750, 0x1D76E),
    (0x1D770, 0x1D788),
    (0x1D78A, 0x1D7A8),
    (0x1D7AA, 0x1D7C2),
    (0x1D7C4, 0x1D7CB),
    (0x1D7CE, 0x1D7FF),
    (0x1DF00, 0x1DF1E),
    (0x1DF25, 0x1DF2A),
    (0x1E030, 0x1E06D),
    (0x1E100, 0x1E12C),
    (0x1E137, 0x1E13D),
    (0x1E140, 0x1E149),
    (0x1E14E, 0x1E14E),
    (0x1E290, 0x1E2AD),
    (0x1E2C0, 0x1E2EB),
    (0x1E2F0, 0x1E2F9),
    (0x1E4D0, 0x1E4EB),
    (0x1E4F0, 0x1E4F9),
    (0x1E7E0, 0x1E7E6),
    (0x1E7E8, 0x1E7EB),
    (0x1E7ED, 0x1E7EE),
    (0x1E7F0, 0x1E7FE),
    (0x1E800, 0x1E8C4),
    (0x1E8C7, 0x1E8CF),
    (0x1E900, 0x1E943),
    (0x1E94B, 0x1E94B),
    (0x1E950, 0x1E959),
    (0x1EC71, 0x1ECAB),
    (0x1ECAD, 0x1ECAF),
    (0x1ECB1, 0x1ECB4),
    (0x1ED01, 0x1ED2D),
    (0x1ED2F, 0x1ED3D),
    (0x1EE00, 0x1EE03),
    (0x1EE05, 0x1EE1F),
    (0x1EE21, 0x1EE22),
    (0x1EE24, 0x1EE24),
    (0x1EE27, 0x1EE27),
    (0x1EE29, 0x1EE32),
    (0x1EE34, 0x1EE37),
    (0x1EE39, 0x1EE39),
    (0x1EE3B, 0x1EE3B),
    (0x1EE42, 0x1EE42),
    (0x1EE47, 0x1EE47),
    (0x1EE49, 0x1EE49),
    (0x1EE4B, 0x1EE4B),
    (0x1EE4D, 0x1EE4F),
    (0x1EE51, 0x1EE52),
    (0x1EE54, 0x1EE54),
    (0x1EE57, 0x1EE57),
    (0x1EE59, 0x1EE59),
    (0x1EE5B, 0x1EE5B),
    (0x1EE5D, 0x1EE5D),
    (0x1EE5F, 0x1EE5F),
    (0x1EE61, 0x1EE62),
    (0x1EE64, 0x1EE64),
    (0x1EE67, 0x1EE6A),
    (0x1EE6C, 0x1EE72),
    (0x1EE74, 0x1EE77),
    (0x1EE79, 0x1EE7C),
    (0x1EE7E, 0x1EE7E),
    (0x1EE80, 0x1EE89),
    (0x1EE8B, 0x1EE9B),
    (0x1EEA1, 0x1EEA3),
    (0x1EEA5, 0x1EEA9),
    (0x1EEAB, 0x1EEBB),
    (0x1F100, 0x1F10C),
    (0x1FBF0, 0x1FBF9),
    (0x20000, 0x2A6DF),
    (0x2A700, 0x2B739),
    (0x2B740, 0x2B81D),
    (0x2B820, 0x2CEA1),
    (0x2CEB0, 0x2EBE0),
    (0x2EBF0, 0x2EE5D),
    (0x2F800, 0x2FA1D),
    (0x30000, 0x3134A),
    (0x31350, 0x323AF),
];

pub static UPPER: [(u32, u32); 651] = [
    (0x41, 0x5A),
    (0xC0, 0xD6),
    (0xD8, 0xDE),
    (0x100, 0x100),
    (0x102, 0x102),
    (0x104, 0x104),
    (0x106, 0x106),
    (0x108, 0x108),
    (0x10A, 0x10A),
    (0x10C, 0x10C),
    (0x10E, 0x10E),
    (0x110, 0x110),
    (0x112, 0x112),
    (0x114, 0x114),
    (0x116, 0x116),
    (0x118, 0x118),
    (0x11A, 0x11A),
    (0x11C, 0x11C),
    (0x11E, 0x11E),
    (0x120, 0x120),
    (0x122, 0x122),
    (0x124, 0x124),
    (0x126, 0x126),
    (0x128, 0x128),
    (0x12A, 0x12A),
    (0x12C, 0x12C),
    (0x12E, 0x12E),
    (0x130, 0x130),
    (0x132, 0x132),
    (0x134, 0x134),
    (0x136, 0x136),
    (0x139, 0x139),
    (0x13B, 0x13B),
    (0x13D, 0x13D),
    (0x13F, 0x13F),
    (0x141, 0x141),
    (0x143, 0x143),
    (0x145, 0x145),
    (0x147, 0x147),
    (0x14A, 0x14A),
    (0x14C, 0x14C),
    (0x14E, 0x14E),
    (0x150, 0x150),
    (0x152, 0x152),
    (0x154, 0x154),
    (0x156, 0x156),
    (0x158, 0x158),
    (0x15A, 0x15A),
    (0x15C, 0x15C),
    (0x15E, 0x15E),
    (0x160, 0x160),
    (0x162, 0x162),
    (0x164, 0x164),
    (0x166, 0x166),
    (0x168, 0x168),
    (0x16A, 0x16A),
    (0x16C, 0x16C),
    (0x16E, 0x16E),
    (0x170, 0x170),
    (0x172, 0x172),
    (0x174, 0x174),
    (0x176, 0x176),
    (0x178, 0x179),
    (0x17B, 0x17B),
    (0x17D, 0x17D),
    (0x181, 0x182),
    (0x184, 0x184),
    (0x186, 0x187),
    (0x189, 0x18B),
    (0x18E, 0x191),
    (0x193, 0x194),
    (0x196, 0x198),
    (0x19C, 0x19D),
    (0x19F, 0x1A0),
    (0x1A2, 0x1A2),
    (0x1A4, 0x1A4),
    (0x1A6, 0x1A7),
    (0x1A9, 0x1A9),
    (0x1AC, 0x1AC),
    (0x1AE, 0x1AF),
    (0x1B1, 0x1B3),
    (0x1B5, 0x1B5),
    (0x1B7, 0x1B8),
    (0x1BC, 0x1BC),
    (0x1C4, 0x1C4),
    (0x1C7, 0x1C7),
    (0x1CA, 0x1CA),
    (0x1CD, 0x1CD),
    (0x1CF, 0x1CF),
    (0x1D1, 0x1D1),
    (0x1D3, 0x1D3),
    (0x1D5, 0x1D5),
    (0x1D7, 0x1D7),
    (0x1D9, 0x1D9),
    (0x1DB, 0x1DB),
    (0x1DE, 0x1DE),
    (0x1E0, 0x1E0),
    (0x1E2, 0x1E2),
    (0x1E4, 0x1E4),
    (0x1E6, 0x1E6),
    (0x1E8, 0x1E8),
    (0x1EA, 0x1EA),
    (0x1EC, 0x1EC),
    (0x1EE, 0x1EE),
    (0x1F1, 0x1F1),
    (0x1F4, 0x1F4),
    (0x1F6, 0x1F8),
    (0x1FA, 0x1FA),
    (0x1FC, 0x1FC),
    (0x1FE, 0x1FE),
    (0x200, 0x200),
    (0x202, 0x202),
    (0x204, 0x204),
    (0x206, 0x206),
    (0x208, 0x208),
    (0x20A, 0x20A),
    (0x20C, 0x20C),
    (0x20E, 0x20E),
    (0x210, 0x210),
    (0x212, 0x212),
    (0x214, 0x214),
    (0x216, 0x216),
    (0x218, 0x218),
    (0x21A, 0x21A),
    (0x21C, 0x21C),
    (0x21E, 0x21E),
    (0x220, 0x220),
    (0x222, 0x222),
    (0x224, 0x224),
    (0x226, 0x226),
    (0x228, 0x228),
    (0x22A, 0x22A),
    (0x22C, 0x22C),
    (0x22E, 0x22E),
    (0x230, 0x230),
    (0x232, 0x232),
    (0x23A, 0x23B),
    (0x23D, 0x23E),
    (0x241, 0x241),
    (0x243, 0x246),
    (0x248, 0x248),
    (0x24A, 0x24A),
    (0x24C, 0x24C),
    (0x24E, 0x24E),
    (0x370, 0x370),
    (0x372, 0x372),
    (0x376, 0x376),
    (0x37F, 0x37F),
    (0x386, 0x386),
    (0x388, 0x38A),
    (0x38C, 0x38C),
    (0x38E, 0x38F),
    (0x391, 0x3A1),
    (0x3A3, 0x3AB),
    (0x3CF, 0x3CF),
    (0x3D2, 0x3D4),
    (0x3D8, 0x3D8),
    (0x3DA, 0x3DA),
    (0x3DC, 0x3DC),
    (0x3DE, 0x3DE),
    (0x3E0, 0x3E0),
    (0x3E2, 0x3E2),
    (0x3E4, 0x3E4),
    (0x3E6, 0x3E6),
    (0x3E8, 0x3E8),
    (0x3EA, 0x3EA),
    (0x3EC, 0x3EC),
    (0x3EE, 0x3EE),
    (0x3F4, 0x3F4),
    (0x3F7, 0x3F7),
    (0x3F9, 0x3FA),
    (0x3FD, 0x42F),
    (0x460, 0x460),
    (0x462, 0x462),
    (0x464, 0x464),
    (0x466, 0x466),
    (0x468, 0x468),
    (0x46A, 0x46A),
    (0x46C, 0x46C),
    (0x46E, 0x46E),
    (0x470, 0x470),
    (0x472, 0x472),
    (0x474, 0x474),
    (0x476, 0x476),
    (0x478, 0x478),
    (0x47A, 0x47A),
    (0x47C, 0x47C),
    (0x47E, 0x47E),
    (0x480, 0x480),
    (0x48A, 0x48A),
    (0x48C, 0x48C),
    (0x48E, 0x48E),
    (0x490, 0x490),
    (0x492, 0x492),
    (0x494, 0x494),
    (0x496, 0x496),
    (0x498, 0x498),
    (0x49A, 0x49A),
    (0x49C, 0x49C),
    (0x49E, 0x49E),
    (0x4A0, 0x4A0),
    (0x4A2, 0x4A2),
    (0x4A4, 0x4A4),
    (0x4A6, 0x4A6),
    (0x4A8, 0x4A8),
    (0x4AA, 0x4AA),
    (0x4AC, 0x4AC),
    (0x4AE, 0x4AE),
    (0x4B0, 0x4B0),
    (0x4B2, 0x4B2),
    (0x4B4, 0x4B4),
    (0x4B6, 0x4B6),
    (0x4B8, 0x4B8),
    (0x4BA, 0x4BA),
    (0x4BC, 0x4BC),
    (0x4BE, 0x4BE),
    (0x4C0, 0x4C1),
    (0x4C3, 0x4C3),
    (0x4C5, 0x4C5),
    (0x4C7, 0x4C7),
    (0x4C9, 0x4C9),
    (0x4CB, 0x4CB),
    (0x4CD, 0x4CD),
    (0x4D0, 0x4D0),
    (0x4D2, 0x4D2),
    (0x4D4, 0x4D4),
    (0x4D6, 0x4D6),
    (0x4D8, 0x4D8),
    (0x4DA, 0x4DA),
    (0x4DC, 0x4DC),
    (0x4DE, 0x4DE),
    (0x4E0, 0x4E0),
    (0x4E2, 0x4E2),
    (0x4E4, 0x4E4),
    (0x4E6, 0x4E6),
    (0x4E8, 0x4E8),
    (0x4EA, 0x4EA),
    (0x4EC, 0x4EC),
    (0x4EE, 0x4EE),
    (0x4F0, 0x4F0),
    (0x4F2, 0x4F2),
    (0x4F4, 0x4F4),
    (0x4F6, 0x4F6),
    (0x4F8, 0x4F8),
    (0x4FA, 0x4FA),
    (0x4FC, 0x4FC),
    (0x4FE, 0x4FE),
    (0x500, 0x500),
    (0x502, 0x502),
    (0x504, 0x504),
    (0x506, 0x506),
    (0x508, 0x508),
    (0x50A, 0x50A),
    (0x50C, 0x50C),
    (0x50E, 0x50E),
    (0x510, 0x510),
    (0x512, 0x512),
    (0x514, 0x514),
    (0x516, 0x516),
    (0x518, 0x518),
    (0x51A, 0x51A),
    (0x51C, 0x51C),
    (0x51E, 0x51E),
    (0x520, 0x520),
    (0x522, 0x522),
    (0x524, 0x524),
    (0x526, 0x526),
    (0x528, 0x528),
    (0x52A, 0x52A),
    (0x52C, 0x52C),
    (0x52E, 0x52E),
    (0x531, 0x556),
    (0x10A0, 0x10C5),
    (0x10C7, 0x10C7),
    (0x10CD, 0x10CD),
    (0x13A0, 0x13F5),
    (0x1C90, 0x1CBA),
    (0x1CBD, 0x1CBF),
    (0x1E00, 0x1E00),
    (0x1E02, 0x1E02),
    (0x1E04, 0x1E04),
    (0x1E06, 0x1E06),
    (0x1E08, 0x1E08),
    (0x1E0A, 0x1E0A),
    (0x1E0C, 0x1E0C),
    (0x1E0E, 0x1E0E),
    (0x1E10, 0x1E10),
    (0x1E12, 0x1E12),
    (0x1E14, 0x1E14),
    (0x1E16, 0x1E16),
    (0x1E18, 0x1E18),
    (0x1E1A, 0x1E1A),
    (0x1E1C, 0x1E1C),
    (0x1E1E, 0x1E1E),
    (0x1E20, 0x1E20),
    (0x1E22, 0x1E22),
    (0x1E24, 0x1E24),
    (0x1E26, 0x1E26),
    (0x1E28, 0x1E28),
    (0x1E2A, 0x1E2A),
    (0x1E2C, 0x1E2C),
    (0x1E2E, 0x1E2E),
    (0x1E30, 0x1E30),
    (0x1E32, 0x1E32),
    (0x1E34, 0x1E34),
    (0x1E36, 0x1E36),
    (0x1E38, 0x1E38),
    (0x1E3A, 0x1E3A),
    (0x1E3C, 0x1E3C),
    (0x1E3E, 0x1E3E),
    (0x1E40, 0x1E40),
    (0x1E42, 0x1E42),
    (0x1E44, 0x1E44),
    (0x1E46, 0x1E46),
    (0x1E48, 0x1E48),
    (0x1E4A, 0x1E4A),
    (0x1E4C, 0x1E4C),
    (0x1E4E, 0x1E4E),
    (0x1E50, 0x1E50),
    (0x1E52, 0x1E52),
    (0x1E54, 0x1E54),
    (0x1E56, 0x1E56),
    (0x1E58, 0x1E58),
    (0x1E5A, 0x1E5A),
    (0x1E5C, 0x1E5C),
    (0x1E5E, 0x1E5E),
    (0x1E60, 0x1E60),
    (0x1E62, 0x1E62),
    (0x1E64, 0x1E64),
    (0x1E66, 0x1E66),
    (0x1E68, 0x1E68),
    (0x1E6A, 0x1E6A),
    (0x1E6C, 0x1E6C),
    (0x1E6E, 0x1E6E),
    (0x1E70, 0x1E70),
    (0x1E72, 0x1E72),
    (0x1E74, 0x1E74),
    (0x1E76, 0x1E76),
    (0x1E78, 0x1E78),
    (0x1E7A, 0x1E7A),
    (0x1E7C, 0x1E7C),
    (0x1E7E, 0x1E7E),
    (0x1E80, 0x1E80),
    (0x1E82, 0x1E82),
    (0x1E84, 0x1E84),
    (0x1E86, 0x1E86),
    (0x1E88, 0x1E88),
    (0x1E8A, 0x1E8A),
    (0x1E8C, 0x1E8C),
    (0x1E8E, 0x1E8E),
    (0x1E90, 0x1E90),
    (0x1E92, 0x1E92),
    (0x1E94, 0x1E94),
    (0x1E9E, 0x1E9E),
    (0x1EA0, 0x1EA0),
    (0x1EA2, 0x1EA2),
    (0x1EA4, 0x1EA4),
    (0x1EA6, 0x1EA6),
    (0x1EA8, 0x1EA8),
    (0x1EAA, 0x1EAA),
    (0x1EAC, 0x1EAC),
    (0x1EAE, 0x1EAE),
    (0x1EB0, 0x1EB0),
    (0x1EB2, 0x1EB2),
    (0x1EB4, 0x1EB4),
    (0x1EB6, 0x1EB6),
    (0x1EB8, 0x1EB8),
    (0x1EBA, 0x1EBA),
    (0x1EBC, 0x1EBC),
    (0x1EBE, 0x1EBE),
    (0x1EC0, 0x1EC0),
    (0x1EC2, 0x1EC2),
    (0x1EC4, 0x1EC4),
    (0x1EC6, 0x1EC6),
    (0x1EC8, 0x1EC8),
    (0x1ECA, 0x1ECA),
    (0x1ECC, 0x1ECC),
    (0x1ECE, 0x1ECE),
    (0x1ED0, 0x1ED0),
    (0x1ED2, 0x1ED2),
    (0x1ED4, 0x1ED4),
    (0x1ED6, 0x1ED6),
    (0x1ED8, 0x1ED8),
    (0x1EDA, 0x1EDA),
    (0x1EDC, 0x1EDC),
    (0x1EDE, 0x1EDE),
    (0x1EE0, 0x1EE0),
    (0x1EE2, 0x1EE2),
    (0x1EE4, 0x1EE4),
    (0x1EE6, 0x1EE6),
    (0x1EE8, 0x1EE8),
    (0x1EEA, 0x1EEA),
    (0x1EEC, 0x1EEC),
    (0x1EEE, 0x1EEE),
    (0x1EF0, 0x1EF0),
    (0x1EF2, 0x1EF2),
    (0x1EF4, 0x1EF4),
    (0x1EF6, 0x1EF6),
    (0x1EF8, 0x1EF8),
    (0x1EFA, 0x1EFA),
    (0x1EFC, 0x1EFC),
    (0x1EFE, 0x1EFE),
    (0x1F08, 0x1F0F),
    (0x1F18, 0x1F1D),
    (0x1F28, 0x1F2F),
    (0x1F38, 0x1F3F),
    (0x1F48, 0x1F4D),
    (0x1F59, 0x1F59),
    (0x1F5B, 0x1F5B),
    (0x1F5D, 0x1F5D),
    (0x1F5F, 0x1F5F),
    (0x1F68, 0x1F6F),
    (0x1FB8, 0x1FBB),
    (0x1FC8, 0x1FCB),
    (0x1FD8, 0x1FDB),
    (0x1FE8, 0x1FEC),
    (0x1FF8, 0x1FFB),
    (0x2102, 0x2102),
    (0x2107, 0x2107),
    (0x210B, 0x210D),
    (0x2110, 0x2112),
    (0x2115, 0x2115),
    (0x2119, 0x211D),
    (0x2124, 0x2124),
    (0x2126, 0x2126),
    (0x2128, 0x2128),
    (0x212A, 0x212D),
    (0x2130, 0x2133),
    (0x213E, 0x213F),
    (0x2145, 0x2145),
    (0x2160, 0x216F),
    (0x2183, 0x2183),
    (0x24B6, 0x24CF),
    (0x2C00, 0x2C2F),
    (0x2C60, 0x2C60),
    (0x2C62, 0x2C64),
    (0x2C67, 0x2C67),
    (0x2C69, 0x2C69),
    (0x2C6B, 0x2C6B),
    (0x2C6D, 0x2C70),
    (0x2C72, 0x2C72),
    (0x2C75, 0x2C75),
    (0x2C7E, 0x2C80),
    (0x2C82, 0x2C82),
    (0x2C84, 0x2C84),
    (0x2C86, 0x2C86),
    (0x2C88, 0x2C88),
    (0x2C8A, 0x2C8A),
    (0x2C8C, 0x2C8C),
    (0x2C8E, 0x2C8E),
    (0x2C90, 0x2C90),
    (0x2C92, 0x2C92),
    (0x2C94, 0x2C94),
    (0x2C96, 0x2C96),
    (0x2C98, 0x2C98),
    (0x2C9A, 0x2C9A),
    (0x2C9C, 0x2C9C),
    (0x2C9E, 0x2C9E),
    (0x2CA0, 0x2CA0),
    (0x2CA2, 0x2CA2),
    (0x2CA4, 0x2CA4),
    (0x2CA6, 0x2CA6),
    (0x2CA8, 0x2CA8),
    (0x2CAA, 0x2CAA),
    (0x2CAC, 0x2CAC),
    (0x2CAE, 0x2CAE),
    (0x2CB0, 0x2CB0),
    (0x2CB2, 0x2CB2),
    (0x2CB4, 0x2CB4),
    (0x2CB6, 0x2CB6),
    (0x2CB8, 0x2CB8),
    (0x2CBA, 0x2CBA),
    (0x2CBC, 0x2CBC),
    (0x2CBE, 0x2CBE),
    (0x2CC0, 0x2CC0),
    (0x2CC2, 0x2CC2),
    (0x2CC4, 0x2CC4),
    (0x2CC6, 0x2CC6),
    (0x2CC8, 0x2CC8),
    (0x2CCA, 0x2CCA),
    (0x2CCC, 0x2CCC),
    (0x2CCE, 0x2CCE),
    (0x2CD0, 0x2CD0),
    (0x2CD2, 0x2CD2),
    (0x2CD4, 0x2CD4),
    (0x2CD6, 0x2CD6),
    (0x2CD8, 0x2CD8),
    (0x2CDA, 0x2CDA),
    (0x2CDC, 0x2CDC),
    (0x2CDE, 0x2CDE),
    (0x2CE0, 0x2CE0),
    (0x2CE2, 0x2CE2),
    (0x2CEB, 0x2CEB),
    (0x2CED, 0x2CED),
    (0x2CF2, 0x2CF2),
    (0xA640, 0xA640),
    (0xA642, 0xA642),
    (0xA644, 0xA644),
    (0xA646, 0xA646),
    (0xA648, 0xA648),
    (0xA64A, 0xA64A),
    (0xA64C, 0xA64C),
    (0xA64E, 0xA64E),
    (0xA650, 0xA650),
    (0xA652, 0xA652),
    (0xA654, 0xA654),
    (0xA656, 0xA656),
    (0xA658, 0xA658),
    (0xA65A, 0xA65A),
    (0xA65C, 0xA65C),
    (0xA65E, 0xA65E),
    (0xA660, 0xA660),
    (0xA662, 0xA662),
    (0xA664, 0xA664),
    (0xA666, 0xA666),
    (0xA668, 0xA668),
    (0xA66A, 0xA66A),
    (0xA66C, 0xA66C),
    (0xA680, 0xA680),
    (0xA682, 0xA682),
    (0xA684, 0xA684),
    (0xA686, 0xA686),
    (0xA688, 0xA688),
    (0xA68A, 0xA68A),
    (0xA68C, 0xA68C),
    (0xA68E, 0xA68E),
    (0xA690, 0xA690),
    (0xA692, 0xA692),
    (0xA694, 0xA694),
    (0xA696, 0xA696),
    (0xA698, 0xA698),
    (0xA69A, 0xA69A),
    (0xA722, 0xA722),
    (0xA724, 0xA724),
    (0xA726, 0xA726),
    (0xA728, 0xA728),
    (0xA72A, 0xA72A),
    (0xA72C, 0xA72C),
    (0xA72E, 0xA72E),
    (0xA732, 0xA732),
    (0xA734, 0xA734),
    (0xA736, 0xA736),
    (0xA738, 0xA738),
    (0xA73A, 0xA73A),
    (0xA73C, 0xA73C),
    (0xA73E, 0xA73E),
    (0xA740, 0xA740),
    (0xA742, 0xA742),
    (0xA744, 0xA744),
    (0xA746, 0xA746),
    (0xA748, 0xA748),
    (0xA74A, 0xA74A),
    (0xA74C, 0xA74C),
    (0xA74E, 0xA74E),
    (0xA750, 0xA750),
    (0xA752, 0xA752),
    (0xA754, 0xA754),
    (0xA756, 0xA756),
    (0xA758, 0xA758),
    (0xA75A, 0xA75A),
    (0xA75C, 0xA75C),
    (0xA75E, 0xA75E),
    (0xA760, 0xA760),
    (0xA762, 0xA762),
    (0xA764, 0xA764),
    (0xA766, 0xA766),
    (0xA768, 0xA768),
    (0xA76A, 0xA76A),
    (0xA76C, 0xA76C),
    (0xA76E, 0xA76E),
    (0xA779, 0xA779),
    (0xA77B, 0xA77B),
    (0xA77D, 0xA77E),
    (0xA780, 0xA780),
    (0xA782, 0xA782),
    (0xA784, 0xA784),
    (0xA786, 0xA786),
    (0xA78B, 0xA78B),
    (0xA78D, 0xA78D),
    (0xA790, 0xA790),
    (0xA792, 0xA792),
    (0xA796, 0xA796),
    (0xA798, 0xA798),
    (0xA79A, 0xA79A),
    (0xA79C, 0xA79C),
    (0xA79E, 0xA79E),
    (0xA7A0, 0xA7A0),
    (0xA7A2, 0xA7A2),
    (0xA7A4, 0xA7A4),
    (0xA7A6, 0xA7A6),
    (0xA7A8, 0xA7A8),
    (0xA7AA, 0xA7AE),
    (0xA7B0, 0xA7B4),
    (0xA7B6, 0xA7B6),
    (0xA7B8, 0xA7B8),
    (0xA7BA, 0xA7BA),
    (0xA7BC, 0xA7BC),
    (0xA7BE, 0xA7BE),
    (0xA7C0, 0xA7C0),
    (0xA7C2, 0xA7C2),
    (0xA7C4, 0xA7C7),
    (0xA7C9, 0xA7C9),
    (0xA7D0, 0xA7D0),
    (0xA7D6, 0xA7D6),
    (0xA7D8, 0xA7D8),
    (0xA7F5, 0xA7F5),
    (0xFF21, 0xFF3A),
    (0x10400, 0x10427),
    (0x104B0, 0x104D3),
    (0x10570, 0x1057A),
    (0x1057C, 0x1058A),
    (0x1058C, 0x10592),
    (0x10594, 0x10595),
    (0x10C80, 0x10CB2),
    (0x118A0, 0x118BF),
    (0x16E40, 0x16E5F),
    (0x1D400, 0x1D419),
    (0x1D434, 0x1D44D),
    (0x1D468, 0x1D481),
    (0x1D49C, 0x1D49C),
    (0x1D49E, 0x1D49F),
    (0x1D4A2, 0x1D4A2),
    (0x1D4A5, 0x1D4A6),
    (0x1D4A9, 0x1D4AC),
    (0x1D4AE, 0x1D4B5),
    (0x1D4D0, 0x1D4E9),
    (0x1D504, 0x1D505),
    (0x1D507, 0x1D50A),
    (0x1D50D, 0x1D514),
    (0x1D516, 0x1D51C),
    (0x1D538, 0x1D539),
    (0x1D53B, 0x1D53E),
    (0x1D540, 0x1D544),
    (0x1D546, 0x1D546),
    (0x1D54A, 0x1D550),
    (0x1D56C, 0x1D585),
    (0x1D5A0, 0x1D5B9),
    (0x1D5D4, 0x1D5ED),
    (0x1D608, 0x1D621),
    (0x1D63C, 0x1D655),
    (0x1D670, 0x1D689),
    (0x1D6A8, 0x1D6C0),
    (0x1D6E2, 0x1D6FA),
    (0x1D71C, 0x1D734),
    (0x1D756, 0x1D76E),
    (0x1D790, 0x1D7A8),
    (0x1D7CA, 0x1D7CA),
    (0x1E900, 0x1E921),
    (0x1F130, 0x1F149),
    (0x1F150, 0x1F169),
    (0x1F170, 0x1F189),
];

pub static LOWER: [(u32, u32); 671] = [
    (0x61, 0x7A),
    (0xAA, 0xAA),
    (0xB5, 0xB5),
    (0xBA, 0xBA),
    (0xDF, 0xF6),
    (0xF8, 0xFF),
    (0x101, 0x101),
    (0x103, 0x103),
    (0x105, 0x105),
    (0x107, 0x107),
    (0x109, 0x109),
    (0x10B, 0x10B),
    (0x10D, 0x10D),
    (0x10F, 0x10F),
    (0x111, 0x111),
    (0x113, 0x113),
    (0x115, 0x115),
    (0x117, 0x117),
    (0x119, 0x119),
    (0x11B, 0x11B),
    (0x11D, 0x11D),
    (0x11F, 0x11F),
    (0x121, 0x121),
    (0x123, 0x123),
    (0x125, 0x125),
    (0x127, 0x127),
    (0x129, 0x129),
    (0x12B, 0x12B),
    (0x12D, 0x12D),
    (0x12F, 0x12F),
    (0x131, 0x131),
    (0x133, 0x133),
    (0x135, 0x135),
    (0x137, 0x138),
    (0x13A, 0x13A),
    (0x13C, 0x13C),
    (0x13E, 0x13E),
    (0x140, 0x140),
    (0x142, 0x142),
    (0x144, 0x144),
    (0x146, 0x146),
    (0x148, 0x149),
    (0x14B, 0x14B),
    (0x14D, 0x14D),
    (0x14F, 0x14F),
    (0x151, 0x151),
    (0x153, 0x153),
    (0x155, 0x155),
    (0x157, 0x157),
    (0x159, 0x159),
    (0x15B, 0x15B),
    (0x15D, 0x15D),
    (0x15F, 0x15F),
    (0x161, 0x161),
    (0x163, 0x163),
    (0x165, 0x165),
    (0x167, 0x167),
    (0x169, 0x169),
    (0x16B, 0x16B),
    (0x16D, 0x16D),
    (0x16F, 0x16F),
    (0x171, 0x171),
    (0x173, 0x173),
    (0x175, 0x175),
    (0x177, 0x177),
    (0x17A, 0x17A),
    (0x17C, 0x17C),
    (0x17E, 0x180),
    (0x183, 0x183),
    (0x185, 0x185),
    (0x188, 0x188),
    (0x18C, 0x18D),
    (0x192, 0x192),
    (0x195, 0x195),
    (0x199, 0x19B),
    (0x19E, 0x19E),
    (0x1A1, 0x1A1),
    (0x1A3, 0x1A3),
    (0x1A5, 0x1A5),
    (0x1A8, 0x1A8),
    (0x1AA, 0x1AB),
    (0x1AD, 0x1AD),
    (0x1B0, 0x1B0),
    (0x1B4, 0x1B4),
    (0x1B6, 0x1B6),
    (0x1B9, 0x1BA),
    (0x1BD, 0x1BF),
    (0x1C6, 0x1C6),
    (0x1C9, 0x1C9),
    (0x1CC, 0x1CC),
    (0x1CE, 0x1CE),
    (0x1D0, 0x1D0),
    (0x1D2, 0x1D2),
    (0x1D4, 0x1D4),
    (0x1D6, 0x1D6),
    (0x1D8, 0x1D8),
    (0x1DA, 0x1DA),
    (0x1DC, 0x1DD),
    (0x1DF, 0x1DF),
    (0x1E1, 0x1E1),
    (0x1E3, 0x1E3),
    (0x1E5, 0x1E5),
    (0x1E7, 0x1E7),
    (0x1E9, 0x1E9),
    (0x1EB, 0x1EB),
    (0x1ED, 0x1ED),
    (0x1EF, 0x1F0),
    (0x1F3, 0x1F3),
    (0x1F5, 0x1F5),
    (0x1F9, 0x1F9),
    (0x1FB, 0x1FB),
    (0x1FD, 0x1FD),
    (0x1FF, 0x1FF),
    (0x201, 0x201),
    (0x203, 0x203),
    (0x205, 0x205),
    (0x207, 0x207),
    (0x209, 0x209),
    (0x20B, 0x20B),
    (0x20D, 0x20D),
    (0x20F, 0x20F),
    (0x211, 0x211),
    (0x213, 0x213),
    (0x215, 0x215),
    (0x217, 0x217),
    (0x219, 0x219),
    (0x21B, 0x21B),
    (0x21D, 0x21D),
    (0x21F, 0x21F),
    (0x221, 0x221),
    (0x223, 0x223),
    (0x225, 0x225),
    (0x227, 0x227),
    (0x229, 0x229),
    (0x22B, 0x22B),
    (0x22D, 0x22D),
    (0x22F, 0x22F),
    (0x231, 0x231),
    (0x233, 0x239),
    (0x23C, 0x23C),
    (0x23F, 0x240),
    (0x242, 0x242),
    (0x247, 0x247),
    (0x249, 0x249),
    (0x24B, 0x24B),
    (0x24D, 0x24D),
    (0x24F, 0x293),
    (0x295, 0x2B8),
    (0x2C0, 0x2C1),
    (0x2E0, 0x2E4),
    (0x345, 0x345),
    (0x371, 0x371),
    (0x373, 0x373),
    (0x377, 0x377),
    (0x37A, 0x37D),
    (0x390, 0x390),
    (0x3AC, 0x3CE),
    (0x3D0, 0x3D1),
    (0x3D5, 0x3D7),
    (0x3D9, 0x3D9),
    (0x3DB, 0x3DB),
    (0x3DD, 0x3DD),
    (0x3DF, 0x3DF),
    (0x3E1, 0x3E1),
    (0x3E3, 0x3E3),
    (0x3E5, 0x3E5),
    (0x3E7, 0x3E7),
    (0x3E9, 0x3E9),
    (0x3EB, 0x3EB),
    (0x3ED, 0x3ED),
    (0x3EF, 0x3F3),
    (0x3F5, 0x3F5),
    (0x3F8, 0x3F8),
    (0x3FB, 0x3FC),
    (0x430, 0x45F),
    (0x461, 0x461),
    (0x463, 0x463),
    (0x465, 0x465),
    (0x467, 0x467),
    (0x469, 0x469),
    (0x46B, 0x46B),
    (0x46D, 0x46D),
    (0x46F, 0x46F),
    (0x471, 0x471),
    (0x473, 0x473),
    (0x475, 0x475),
    (0x477, 0x477),
    (0x479, 0x479),
    (0x47B, 0x47B),
    (0x47D, 0x47D),
    (0x47F, 0x47F),
    (0x481, 0x481),
    (0x48B, 0x48B),
    (0x48D, 0x48D),
    (0x48F, 0x48F),
    (0x491, 0x491),
    (0x493, 0x493),
    (0x495, 0x495),
    (0x497, 0x497),
    (0x499, 0x499),
    (0x49B, 0x49B),
    (0x49D, 0x49D),
    (0x49F, 0x49F),
    (0x4A1, 0x4A1),
    (0x4A3, 0x4A3),
    (0x4A5, 0x4A5),
    (0x4A7, 0x4A7),
    (0x4A9, 0x4A9),
    (0x4AB, 0x4AB),
    (0x4AD, 0x4AD),
    (0x4AF, 0x4AF),
    (0x4B1, 0x4B1),
    (0x4B3, 0x4B3),
    (0x4B5, 0x4B5),
    (0x4B7, 0x4B7),
    (0x4B9, 0x4B9),
    (0x4BB, 0x4BB),
    (0x4BD, 0x4BD),
    (0x4BF, 0x4BF),
    (0x4C2, 0x4C2),
    (0x4C4, 0x4C4),
    (0x4C6, 0x4C6),
    (0x4C8, 0x4C8),
    (0x4CA, 0x4CA),
    (0x4CC, 0x4CC),
    (0x4CE, 0x4CF),
    (0x4D1, 0x4D1),
    (0x4D3, 0x4D3),
    (0x4D5, 0x4D5),
    (0x4D7, 0x4D7),
    (0x4D9, 0x4D9),
    (0x4DB, 0x4DB),
    (0x4DD, 0x4DD),
    (0x4DF, 0x4DF),
    (0x4E1, 0x4E1),
    (0x4E3, 0x4E3),
    (0x4E5, 0x4E5),
    (0x4E7, 0x4E7),
    (0x4E9, 0x4E9),
    (0x4EB, 0x4EB),
    (0x4ED, 0x4ED),
    (0x4EF, 0x4EF),
    (0x4F1, 0x4F1),
    (0x4F3, 0x4F3),
    (0x4F5, 0x4F5),
    (0x4F7, 0x4F7),
    (0x4F9, 0x4F9),
    (0x4FB, 0x4FB),
    (0x4FD, 0x4FD),
    (0x4FF, 0x4FF),
    (0x501, 0x501),
    (0x503, 0x503),
    (0x505, 0x505),
    (0x507, 0x507),
    (0x509, 0x509),
    (0x50B, 0x50B),
    (0x50D, 0x50D),
    (0x50F, 0x50F),
    (0x511, 0x511),
    (0x513, 0x513),
    (0x515, 0x515),
    (0x517, 0x517),
    (0x519, 0x519),
    (0x51B, 0x51B),
    (0x51D, 0x51D),
    (0x51F, 0x51F),
    (0x521, 0x521),
    (0x523, 0x523),
    (0x525, 0x525),
    (0x527, 0x527),
    (0x529, 0x529),
    (0x52B, 0x52B),
    (0x52D, 0x52D),
    (0x52F, 0x52F),
    (0x560, 0x588),
    (0x10D0, 0x10FA),
    (0x10FC, 0x10FF),
    (0x13F8, 0x13FD),
    (0x1C80, 0x1C88),
    (0x1D00, 0x1DBF),
    (0x1E01, 0x1E01),
    (0x1E03, 0x1E03),
    (0x1E05, 0x1E05),
    (0x1E07, 0x1E07),
    (0x1E09, 0x1E09),
    (0x1E0B, 0x1E0B),
    (0x1E0D, 0x1E0D),
    (0x1E0F, 0x1E0F),
    (0x1E11, 0x1E11),
    (0x1E13, 0x1E13),
    (0x1E15, 0x1E15),
    (0x1E17, 0x1E17),
    (0x1E19, 0x1E19),
    (0x1E1B, 0x1E1B),
    (0x1E1D, 0x1E1D),
    (0x1E1F, 0x1E1F),
    (0x1E21, 0x1E21),
    (0x1E23, 0x1E23),
    (0x1E25, 0x1E25),
    (0x1E27, 0x1E27),
    (0x1E29, 0x1E29),
    (0x1E2B, 0x1E2B),
    (0x1E2D, 0x1E2D),
    (0x1E2F, 0x1E2F),
    (0x1E31, 0x1E31),
    (0x1E33, 0x1E33),
    (0x1E35, 0x1E35),
    (0x1E37, 0x1E37),
    (0x1E39, 0x1E39),
    (0x1E3B, 0x1E3B),
    (0x1E3D, 0x1E3D),
    (0x1E3F, 0x1E3F),
    (0x1E41, 0x1E41),
    (0x1E43, 0x1E43),
    (0x1E45, 0x1E45),
    (0x1E47, 0x1E47),
    (0x1E49, 0x1E49),
    (0x1E4B, 0x1E4B),
    (0x1E4D, 0x1E4D),
    (0x1E4F, 0x1E4F),
    (0x1E51, 0x1E51),
    (0x1E53, 0x1E53),
    (0x1E55, 0x1E55),
    (0x1E57, 0x1E57),
    (0x1E59, 0x1E59),
    (0x1E5B, 0x1E5B),
    (0x1E5D, 0x1E5D),
    (0x1E5F, 0x1E5F),
    (0x1E61, 0x1E61),
    (0x1E63, 0x1E63),
    (0x1E65, 0x1E65),
    (0x1E67, 0x1E67),
    (0x1E69, 0x1E69),
    (0x1E6B, 0x1E6B),
    (0x1E6D, 0x1E6D),
    (0x1E6F, 0x1E6F),
    (0x1E71, 0x1E71),
    (0x1E73, 0x1E73),
    (0x1E75, 0x1E75),
    (0x1E77, 0x1E77),
    (0x1E79, 0x1E79),
    (0x1E7B, 0x1E7B),
    (0x1E7D, 0x1E7D),
    (0x1E7F, 0x1E7F),
    (0x1E81, 0x1E81),
    (0x1E83, 0x1E83),
    (0x1E85, 0x1E85),
    (0x1E87, 0x1E87),
    (0x1E89, 0x1E89),
    (0x1E8B, 0x1E8B),
    (0x1E8D, 0x1E8D),
    (0x1E8F, 0x1E8F),
    (0x1E91, 0x1E91),
    (0x1E93, 0x1E93),
    (0x1E95, 0x1E9D),
    (0x1E9F, 0x1E9F),
    (0x1EA1, 0x1EA1),
    (0x1EA3, 0x1EA3),
    (0x1EA5, 0x1EA5),
    (0x1EA7, 0x1EA7),
    (0x1EA9, 0x1EA9),
    (0x1EAB, 0x1EAB),
    (0x1EAD, 0x1EAD),
    (0x1EAF, 0x1EAF),
    (0x1EB1, 0x1EB1),
    (0x1EB3, 0x1EB3),
    (0x1EB5, 0x1EB5),
    (0x1EB7, 0x1EB7),
    (0x1EB9, 0x1EB9),
    (0x1EBB, 0x1EBB),
    (0x1EBD, 0x1EBD),
    (0x1EBF, 0x1EBF),
    (0x1EC1, 0x1EC1),
    (0x1EC3, 0x1EC3),
    (0x1EC5, 0x1EC5),
    (0x1EC7, 0x1EC7),
    (0x1EC9, 0x1EC9),
    (0x1ECB, 0x1ECB),
    (0x1ECD, 0x1ECD),
    (0x1ECF, 0x1ECF),
    (0x1ED1, 0x1ED1),
    (0x1ED3, 0x1ED3),
    (0x1ED5, 0x1ED5),
    (0x1ED7, 0x1ED7),
    (0x1ED9, 0x1ED9),
    (0x1EDB, 0x1EDB),
    (0x1EDD, 0x1EDD),
    (0x1EDF, 0x1EDF),
    (0x1EE1, 0x1EE1),
    (0x1EE3, 0x1EE3),
    (0x1EE5, 0x1EE5),
    (0x1EE7, 0x1EE7),
    (0x1EE9, 0x1EE9),
    (0x1EEB, 0x1EEB),
    (0x1EED, 0x1EED),
    (0x1EEF, 0x1EEF),
    (0x1EF1, 0x1EF1),
    (0x1EF3, 0x1EF3),
    (0x1EF5, 0x1EF5),
    (0x1EF7, 0x1EF7),
    (0x1EF9, 0x1EF9),
    (0x1EFB, 0x1EFB),
    (0x1EFD, 0x1EFD),
    (0x1EFF, 0x1F07),
    (0x1F10, 0x1F15),
    (0x1F20, 0x1F27),
    (0x1F30, 0x1F37),
    (0x1F40, 0x1F45),
    (0x1F50, 0x1F57),
    (0x1F60, 0x1F67),
    (0x1F70, 0x1F7D),
    (0x1F80, 0x1F87),
    (0x1F90, 0x1F97),
    (0x1FA0, 0x1FA7),
    (0x1FB0, 0x1FB4),
    (0x1FB6, 0x1FB7),
    (0x1FBE, 0x1FBE),
    (0x1FC2, 0x1FC4),
    (0x1FC6, 0x1FC7),
    (0x1FD0, 0x1FD3),
    (0x1FD6, 0x1FD7),
    (0x1FE0, 0x1FE7),
    (0x1FF2, 0x1FF4),
    (0x1FF6, 0x1FF7),
    (0x2071, 0x2071),
    (0x207F, 0x207F),
    (0x2090, 0x209C),
    (0x210A, 0x210A),
    (0x210E, 0x210F),
    (0x2113, 0x2113),
    (0x212F, 0x212F),
    (0x2134, 0x2134),
    (0x2139, 0x2139),
    (0x213C, 0x213D),
    (0x2146, 0x2149),
    (0x214E, 0x214E),
    (0x2170, 0x217F),
    (0x2184, 0x2184),
    (0x24D0, 0x24E9),
    (0x2C30, 0x2C5F),
    (0x2C61, 0x2C61),
    (0x2C65, 0x2C66),
    (0x2C68, 0x2C68),
    (0x2C6A, 0x2C6A),
    (0x2C6C, 0x2C6C),
    (0x2C71, 0x2C71),
    (0x2C73, 0x2C74),
    (0x2C76, 0x2C7D),
    (0x2C81, 0x2C81),
    (0x2C83, 0x2C83),
    (0x2C85, 0x2C85),
    (0x2C87, 0x2C87),
    (0x2C89, 0x2C89),
    (0x2C8B, 0x2C8B),
    (0x2C8D, 0x2C8D),
    (0x2C8F, 0x2C8F),
    (0x2C91, 0x2C91),
    (0x2C93, 0x2C93),
    (0x2C95, 0x2C95),
    (0x2C97, 0x2C97),
    (0x2C99, 0x2C99),
    (0x2C9B, 0x2C9B),
    (0x2C9D, 0x2C9D),
    (0x2C9F, 0x2C9F),
    (0x2CA1, 0x2CA1),
    (0x2CA3, 0x2CA3),
    (0x2CA5, 0x2CA5),
    (0x2CA7, 0x2CA7),
    (0x2CA9, 0x2CA9),
    (0x2CAB, 0x2CAB),
    (0x2CAD, 0x2CAD),
    (0x2CAF, 0x2CAF),
    (0x2CB1, 0x2CB1),
    (0x2CB3, 0x2CB3),
    (0x2CB5, 0x2CB5),
    (0x2CB7, 0x2CB7),
    (0x2CB9, 0x2CB9),
    (0x2CBB, 0x2CBB),
    (0x2CBD, 0x2CBD),
    (0x2CBF, 0x2CBF),
    (0x2CC1, 0x2CC1),
    (0x2CC3, 0x2CC3),
    (0x2CC5, 0x2CC5),
    (0x2CC7, 0x2CC7),
    (0x2CC9, 0x2CC9),
    (0x2CCB, 0x2CCB),
    (0x2CCD, 0x2CCD),
    (0x2CCF, 0x2CCF),
    (0x2CD1, 0x2CD1),
    (0x2CD3, 0x2CD3),
    (0x2CD5, 0x2CD5),
    (0x2CD7, 0x2CD7),
    (0x2CD9, 0x2CD9),
    (0x2CDB, 0x2CDB),
    (0x2CDD, 0x2CDD),
    (0x2CDF, 0x2CDF),
    (0x2CE1, 0x2CE1),
    (0x2CE3, 0x2CE4),
    (0x2CEC, 0x2CEC),
    (0x2CEE, 0x2CEE),
    (0x2CF3, 0x2CF3),
    (0x2D00, 0x2D25),
    (0x2D27, 0x2D27),
    (0x2D2D, 0x2D2D),
    (0xA641, 0xA641),
    (0xA643, 0xA643),
    (0xA645, 0xA645),
    (0xA647, 0xA647),
    (0xA649, 0xA649),
    (0xA64B, 0xA64B),
    (0xA64D, 0xA64D),
    (0xA64F, 0xA64F),
    (0xA651, 0xA651),
    (0xA653, 0xA653),
    (0xA655, 0xA655),
    (0xA657, 0xA657),
    (0xA659, 0xA659),
    (0xA65B, 0xA65B),
    (0xA65D, 0xA65D),
    (0xA65F, 0xA65F),
    (0xA661, 0xA661),
    (0xA663, 0xA663),
    (0xA665, 0xA665),
    (0xA667, 0xA667),
    (0xA669, 0xA669),
    (0xA66B, 0xA66B),
    (0xA66D, 0xA66D),
    (0xA681, 0xA681),
    (0xA683, 0xA683),
    (0xA685, 0xA685),
    (0xA687, 0xA687),
    (0xA689, 0xA689),
    (0xA68B, 0xA68B),
    (0xA68D, 0xA68D),
    (0xA68F, 0xA68F),
    (0xA691, 0xA691),
    (0xA693, 0xA693),
    (0xA695, 0xA695),
    (0xA697, 0xA697),
    (0xA699, 0xA699),
    (0xA69B, 0xA69D),
    (0xA723, 0xA723),
    (0xA725, 0xA725),
    (0xA727, 0xA727),
    (0xA729, 0xA729),
    (0xA72B, 0xA72B),
    (0xA72D, 0xA72D),
    (0xA72F, 0xA731),
    (0xA733, 0xA733),
    (0xA735, 0xA735),
    (0xA737, 0xA737),
    (0xA739, 0xA739),
    (0xA73B, 0xA73B),
    (0xA73D, 0xA73D),
    (0xA73F, 0xA73F),
    (0xA741, 0xA741),
    (0xA743, 0xA743),
    (0xA745, 0xA745),
    (0xA747, 0xA747),
    (0xA749, 0xA749),
    (0xA74B, 0xA74B),
    (0xA74D, 0xA74D),
    (0xA74F, 0xA74F),
    (0xA751, 0xA751),
    (0xA753, 0xA753),
    (0xA755, 0xA755),
    (0xA757, 0xA757),
    (0xA759, 0xA759),
    (0xA75B, 0xA75B),
    (0xA75D, 0xA75D),
    (0xA75F, 0xA75F),
    (0xA761, 0xA761),
    (0xA763, 0xA763),
    (0xA765, 0xA765),
    (0xA767, 0xA767),
    (0xA769, 0xA769),
    (0xA76B, 0xA76B),
    (0xA76D, 0xA76D),
    (0xA76F, 0xA778),
    (0xA77A, 0xA77A),
    (0xA77C, 0xA77C),
    (0xA77F, 0xA77F),
    (0xA781, 0xA781),
    (0xA783, 0xA783),
    (0xA785, 0xA785),
    (0xA787, 0xA787),
    (0xA78C, 0xA78C),
    (0xA78E, 0xA78E),
    (0xA791, 0xA791),
    (0xA793, 0xA795),
    (0xA797, 0xA797),
    (0xA799, 0xA799),
    (0xA79B, 0xA79B),
    (0xA79D, 0xA79D),
    (0xA79F, 0xA79F),
    (0xA7A1, 0xA7A1),
    (0xA7A3, 0xA7A3),
    (0xA7A5, 0xA7A5),
    (0xA7A7, 0xA7A7),
    (0xA7A9, 0xA7A9),
    (0xA7AF, 0xA7AF),
    (0xA7B5, 0xA7B5),
    (0xA7B7, 0xA7B7),
    (0xA7B9, 0xA7B9),
    (0xA7BB, 0xA7BB),
    (0xA7BD, 0xA7BD),
    (0xA7BF, 0xA7BF),
    (0xA7C1, 0xA7C1),
    (0xA7C3, 0xA7C3),
    (0xA7C8, 0xA7C8),
    (0xA7CA, 0xA7CA),
    (0xA7D1, 0xA7D1),
    (0xA7D3, 0xA7D3),
    (0xA7D5, 0xA7D5),
    (0xA7D7, 0xA7D7),
    (0xA7D9, 0xA7D9),
    (0xA7F2, 0xA7F4),
    (0xA7F6, 0xA7F6),
    (0xA7F8, 0xA7FA),
    (0xAB30, 0xAB5A),
    (0xAB5C, 0xAB69),
    (0xAB70, 0xABBF),
    (0xFB00, 0xFB06),
    (0xFB13, 0xFB17),
    (0xFF41, 0xFF5A),
    (0x10428, 0x1044F),
    (0x104D8, 0x104FB),
    (0x10597, 0x105A1),
    (0x105A3, 0x105B1),
    (0x105B3, 0x105B9),
    (0x105BB, 0x105BC),
    (0x10780, 0x10780),
    (0x10783, 0x10785),
    (0x10787, 0x107B0),
    (0x107B2, 0x107BA),
    (0x10CC0, 0x10CF2),
    (0x118C0, 0x118DF),
    (0x16E60, 0x16E7F),
    (0x1D41A, 0x1D433),
    (0x1D44E, 0x1D454),
    (0x1D456, 0x1D467),
    (0x1D482, 0x1D49B),
    (0x1D4B6, 0x1D4B9),
    (0x1D4BB, 0x1D4BB),
    (0x1D4BD, 0x1D4C3),
    (0x1D4C5, 0x1D4CF),
    (0x1D4EA, 0x1D503),
    (0x1D51E, 0x1D537),
    (0x1D552, 0x1D56B),
    (0x1D586, 0x1D59F),
    (0x1D5BA, 0x1D5D3),
    (0x1D5EE, 0x1D607),
    (0x1D622, 0x1D63B),
    (0x1D656, 0x1D66F),
    (0x1D68A, 0x1D6A5),
    (0x1D6C2, 0x1D6DA),
    (0x1D6DC, 0x1D6E1),
    (0x1D6FC, 0x1D714),
    (0x1D716, 0x1D71B),
    (0x1D736, 0x1D74E),
    (0x1D750, 0x1D755),
    (0x1D770, 0x1D788),
    (0x1D78A, 0x1D78F),
    (0x1D7AA, 0x1D7C2),
    (0x1D7C4, 0x1D7C9),
    (0x1D7CB, 0x1D7CB),
    (0x1DF00, 0x1DF09),
    (0x1DF0B, 0x1DF1E),
    (0x1DF25, 0x1DF2A),
    (0x1E030, 0x1E06D),
    (0x1E922, 0x1E943),
];

pub static DIGIT: [(u32, u32); 83] = [
    (0x30, 0x39),
    (0xB2, 0xB3),
    (0xB9, 0xB9),
    (0x660, 0x669),
    (0x6F0, 0x6F9),
    (0x7C0, 0x7C9),
    (0x966, 0x96F),
    (0x9E6, 0x9EF),
    (0xA66, 0xA6F),
    (0xAE6, 0xAEF),
    (0xB66, 0xB6F),
    (0xBE6, 0xBEF),
    (0xC66, 0xC6F),
    (0xCE6, 0xCEF),
    (0xD66, 0xD6F),
    (0xDE6, 0xDEF),
    (0xE50, 0xE59),
    (0xED0, 0xED9),
    (0xF20, 0xF29),
    (0x1040, 0x1049),
    (0x1090, 0x1099),
    (0x1369, 0x1371),
    (0x17E0, 0x17E9),
    (0x1810, 0x1819),
    (0x1946, 0x194F),
    (0x19D0, 0x19DA),
    (0x1A80, 0x1A89),
    (0x1A90, 0x1A99),
    (0x1B50, 0x1B59),
    (0x1BB0, 0x1BB9),
    (0x1C40, 0x1C49),
    (0x1C50, 0x1C59),
    (0x2070, 0x2070),
    (0x2074, 0x2079),
    (0x2080, 0x2089),
    (0x2460, 0x2468),
    (0x2474, 0x247C),
    (0x2488, 0x2490),
    (0x24EA, 0x24EA),
    (0x24F5, 0x24FD),
    (0x24FF, 0x24FF),
    (0x2776, 0x277E),
    (0x2780, 0x2788),
    (0x278A, 0x2792),
    (0xA620, 0xA629),
    (0xA8D0, 0xA8D9),
    (0xA900, 0xA909),
    (0xA9D0, 0xA9D9),
    (0xA9F0, 0xA9F9),
    (0xAA50, 0xAA59),
    (0xABF0, 0xABF9),
    (0xFF10, 0xFF19),
    (0x104A0, 0x104A9),
    (0x10A40, 0x10A43),
    (0x10D30, 0x10D39),
    (0x10E60, 0x10E68),
    (0x11052, 0x1105A),
    (0x11066, 0x1106F),
    (0x110F0, 0x110F9),
    (0x11136, 0x1113F),
    (0x111D0, 0x111D9),
    (0x112F0, 0x112F9),
    (0x11450, 0x11459),
    (0x114D0, 0x114D9),
    (0x11650, 0x11659),
    (0x116C0, 0x116C9),
    (0x11730, 0x11739),
    (0x118E0, 0x118E9),
    (0x11950, 0x11959),
    (0x11C50, 0x11C59),
    (0x11D50, 0x11D59),
    (0x11DA0, 0x11DA9),
    (0x11F50, 0x11F59),
    (0x16A60, 0x16A69),
    (0x16AC0, 0x16AC9),
    (0x16B50, 0x16B59),
    (0x1D7CE, 0x1D7FF),
    (0x1E140, 0x1E149),
    (0x1E2F0, 0x1E2F9),
    (0x1E4F0, 0x1E4F9),
    (0x1E950, 0x1E959),
    (0x1F100, 0x1F10A),
    (0x1FBF0, 0x1FBF9),
];

pub static ASSIGNED: [(u32, u32); 707] = [
    (0x0, 0x377),
    (0x37A, 0x37F),
    (0x384, 0x38A),
    (0x38C, 0x38C),
    (0x38E, 0x3A1),
    (0x3A3, 0x52F),
    (0x531, 0x556),
    (0x559, 0x58A),
    (0x58D, 0x58F),
    (0x591, 0x5C7),
    (0x5D0, 0x5EA),
    (0x5EF, 0x5F4),
    (0x600, 0x70D),
    (0x70F, 0x74A),
    (0x74D, 0x7B1),
    (0x7C0, 0x7FA),
    (0x7FD, 0x82D),
    (0x830, 0x83E),
    (0x840, 0x85B),
    (0x85E, 0x85E),
    (0x860, 0x86A),
    (0x870, 0x88E),
    (0x890, 0x891),
    (0x898, 0x983),
    (0x985, 0x98C),
    (0x98F, 0x990),
    (0x993, 0x9A8),
    (0x9AA, 0x9B0),
    (0x9B2, 0x9B2),
    (0x9B6, 0x9B9),
    (0x9BC, 0x9C4),
    (0x9C7, 0x9C8),
    (0x9CB, 0x9CE),
    (0x9D7, 0x9D7),
    (0x9DC, 0x9DD),
    (0x9DF, 0x9E3),
    (0x9E6, 0x9FE),
    (0xA01, 0xA03),
    (0xA05, 0xA0A),
    (0xA0F, 0xA10),
    (0xA13, 0xA28),
    (0xA2A, 0xA30),
    (0xA32, 0xA33),
    (0xA35, 0xA36),
    (0xA38, 0xA39),
    (0xA3C, 0xA3C),
    (0xA3E, 0xA42),
    (0xA47, 0xA48),
    (0xA4B, 0xA4D),
    (0xA51, 0xA51),
    (0xA59, 0xA5C),
    (0xA5E, 0xA5E),
    (0xA66, 0xA76),
    (0xA81, 0xA83),
    (0xA85, 0xA8D),
    (0xA8F, 0xA91),
    (0xA93, 0xAA8),
    (0xAAA, 0xAB0),
    (0xAB2, 0xAB3),
    (0xAB5, 0xAB9),
    (0xABC, 0xAC5),
    (0xAC7, 0xAC9),
    (0xACB, 0xACD),
    (0xAD0, 0xAD0),
    (0xAE0, 0xAE3),
    (0xAE6, 0xAF1),
    (0xAF9, 0xAFF),
    (0xB01, 0xB03),
    (0xB05, 0xB0C),
    (0xB0F, 0xB10),
    (0xB13, 0xB28),
    (0xB2A, 0xB30),
    (0xB32, 0xB33),
    (0xB35, 0xB39),
    (0xB3C, 0xB44),
    (0xB47, 0xB48),
    (0xB4B, 0xB4D),
    (0xB55, 0xB57),
    (0xB5C, 0xB5D),
    (0xB5F, 0xB63),
    (0xB66, 0xB77),
    (0xB82, 0xB83),
    (0xB85, 0xB8A),
    (0xB8E, 0xB90),
    (0xB92, 0xB95),
    (0xB99, 0xB9A),
    (0xB9C, 0xB9C),
    (0xB9E, 0xB9F),
    (0xBA3, 0xBA4),
    (0xBA8, 0xBAA),
    (0xBAE, 0xBB9),
    (0xBBE, 0xBC2),
    (0xBC6, 0xBC8),
    (0xBCA, 0xBCD),
    (0xBD0, 0xBD0),
    (0xBD7, 0xBD7),
    (0xBE6, 0xBFA),
    (0xC00, 0xC0C),
    (0xC0E, 0xC10),
    (0xC12, 0xC28),
    (0xC2A, 0xC39),
    (0xC3C, 0xC44),
    (0xC46, 0xC48),
    (0xC4A, 0xC4D),
    (0xC55, 0xC56),
    (0xC58, 0xC5A),
    (0xC5D, 0xC5D),
    (0xC60, 0xC63),
    (0xC66, 0xC6F),
    (0xC77, 0xC8C),
    (0xC8E, 0xC90),
    (0xC92, 0xCA8),
    (0xCAA, 0xCB3),
    (0xCB5, 0xCB9),
    (0xCBC, 0xCC4),
    (0xCC6, 0xCC8),
    (0xCCA, 0xCCD),
    (0xCD5, 0xCD6),
    (0xCDD, 0xCDE),
    (0xCE0, 0xCE3),
    (0xCE6, 0xCEF),
    (0xCF1, 0xCF3),
    (0xD00, 0xD0C),
    (0xD0E, 0xD10),
    (0xD12, 0xD44),
    (0xD46, 0xD48),
    (0xD4A, 0xD4F),
    (0xD54, 0xD63),
    (0xD66, 0xD7F),
    (0xD81, 0xD83),
    (0xD85, 0xD96),
    (0xD9A, 0xDB1),
    (0xDB3, 0xDBB),
    (0xDBD, 0xDBD),
    (0xDC0, 0xDC6),
    (0xDCA, 0xDCA),
    (0xDCF, 0xDD4),
    (0xDD6, 0xDD6),
    (0xDD8, 0xDDF),
    (0xDE6, 0xDEF),
    (0xDF2, 0xDF4),
    (0xE01, 0xE3A),
    (0xE3F, 0xE5B),
    (0xE81, 0xE82),
    (0xE84, 0xE84),
    (0xE86, 0xE8A),
    (0xE8C, 0xEA3),
    (0xEA5, 0xEA5),
    (0xEA7, 0xEBD),
    (0xEC0, 0xEC4),
    (0xEC6, 0xEC6),
    (0xEC8, 0xECE),
    (0xED0, 0xED9),
    (0xEDC, 0xEDF),
    (0xF00, 0xF47),
    (0xF49, 0xF6C),
    (0xF71, 0xF97),
    (0xF99, 0xFBC),
    (0xFBE, 0xFCC),
    (0xFCE, 0xFDA),
    (0x1000, 0x10C5),
    (0x10C7, 0x10C7),
    (0x10CD, 0x10CD),
    (0x10D0, 0x1248),
    (0x124A, 0x124D),
    (0x1250, 0x1256),
    (0x1258, 0x1258),
    (0x125A, 0x125D),
    (0x1260, 0x1288),
    (0x128A, 0x128D),
    (0x1290, 0x12B0),
    (0x12B2, 0x12B5),
    (0x12B8, 0x12BE),
    (0x12C0, 0x12C0),
    (0x12C2, 0x12C5),
    (0x12C8, 0x12D6),
    (0x12D8, 0x1310),
    (0x1312, 0x1315),
    (0x1318, 0x135A),
    (0x135D, 0x137C),
    (0x1380, 0x1399),
    (0x13A0, 0x13F5),
    (0x13F8, 0x13FD),
    (0x1400, 0x169C),
    (0x16A0, 0x16F8),
    (0x1700, 0x1715),
    (0x171F, 0x1736),
    (0x1740, 0x1753),
    (0x1760, 0x176C),
    (0x176E, 0x1770),
    (0x1772, 0x1773),
    (0x1780, 0x17DD),
    (0x17E0, 0x17E9),
    (0x17F0, 0x17F9),
    (0x1800, 0x1819),
    (0x1820, 0x1878),
    (0x1880, 0x18AA),
    (0x18B0, 0x18F5),
    (0x1900, 0x191E),
    (0x1920, 0x192B),
    (0x1930, 0x193B),
    (0x1940, 0x1940),
    (0x1944, 0x196D),
    (0x1970, 0x1974),
    (0x1980, 0x19AB),
    (0x19B0, 0x19C9),
    (0x19D0, 0x19DA),
    (0x19DE, 0x1A1B),
    (0x1A1E, 0x1A5E),
    (0x1A60, 0x1A7C),
    (0x1A7F, 0x1A89),
    (0x1A90, 0x1A99),
    (0x1AA0, 0x1AAD),
    (0x1AB0, 0x1ACE),
    (0x1B00, 0x1B4C),
    (0x1B50, 0x1B7E),
    (0x1B80, 0x1BF3),
    (0x1BFC, 0x1C37),
    (0x1C3B, 0x1C49),
    (0x1C4D, 0x1C88),
    (0x1C90, 0x1CBA),
    (0x1CBD, 0x1CC7),
    (0x1CD0, 0x1CFA),
    (0x1D00, 0x1F15),
    (0x1F18, 0x1F1D),
    (0x1F20, 0x1F45),
    (0x1F48, 0x1F4D),
    (0x1F50, 0x1F57),
    (0x1F59, 0x1F59),
    (0x1F5B, 0x1F5B),
    (0x1F5D, 0x1F5D),
    (0x1F5F, 0x1F7D),
    (0x1F80, 0x1FB4),
    (0x1FB6, 0x1FC4),
    (0x1FC6, 0x1FD3),
    (0x1FD6, 0x1FDB),
    (0x1FDD, 0x1FEF),
    (0x1FF2, 0x1FF4),
    (0x1FF6, 0x1FFE),
    (0x2000, 0x2064),
    (0x2066, 0x2071),
    (0x2074, 0x208E),
    (0x2090, 0x209C),
    (0x20A0, 0x20C0),
    (0x20D0, 0x20F0),
    (0x2100, 0x218B),
    (0x2190, 0x2426),
    (0x2440, 0x244A),
    (0x2460, 0x2B73),
    (0x2B76, 0x2B95),
    (0x2B97, 0x2CF3),
    (0x2CF9, 0x2D25),
    (0x2D27, 0x2D27),
    (0x2D2D, 0x2D2D),
    (0x2D30, 0x2D67),
    (0x2D6F, 0x2D70),
    (0x2D7F, 0x2D96),
    (0x2DA0, 0x2DA6),
    (0x2DA8, 0x2DAE),
    (0x2DB0, 0x2DB6),
    (0x2DB8, 0x2DBE),
    (0x2DC0, 0x2DC6),
    (0x2DC8, 0x2DCE),
    (0x2DD0, 0x2DD6),
    (0x2DD8, 0x2DDE),
    (0x2DE0, 0x2E5D),
    (0x2E80, 0x2E99),
    (0x2E9B, 0x2EF3),
    (0x2F00, 0x2FD5),
    (0x2FF0, 0x303F),
    (0x3041, 0x3096),
    (0x3099, 0x30FF),
    (0x3105, 0x312F),
    (0x3131, 0x318E),
    (0x3190, 0x31E3),
    (0x31EF, 0x321E),
    (0x3220, 0xA48C),
    (0xA490, 0xA4C6),
    (0xA4D0, 0xA62B),
    (0xA640, 0xA6F7),
    (0xA700, 0xA7CA),
    (0xA7D0, 0xA7D1),
    (0xA7D3, 0xA7D3),
    (0xA7D5, 0xA7D9),
    (0xA7F2, 0xA82C),
    (0xA830, 0xA839),
    (0xA840, 0xA877),
    (0xA880, 0xA8C5),
    (0xA8CE, 0xA8D9),
    (0xA8E0, 0xA953),
    (0xA95F, 0xA97C),
    (0xA980, 0xA9CD),
    (0xA9CF, 0xA9D9),
    (0xA9DE, 0xA9FE),
    (0xAA00, 0xAA36),
    (0xAA40, 0xAA4D),
    (0xAA50, 0xAA59),
    (0xAA5C, 0xAAC2),
    (0xAADB, 0xAAF6),
    (0xAB01, 0xAB06),
    (0xAB09, 0xAB0E),
    (0xAB11, 0xAB16),
    (0xAB20, 0xAB26),
    (0xAB28, 0xAB2E),
    (0xAB30, 0xAB6B),
    (0xAB70, 0xABED),
    (0xABF0, 0xABF9),
    (0xAC00, 0xD7A3),
    (0xD7B0, 0xD7C6),
    (0xD7CB, 0xD7FB),
    (0xE000, 0xFA6D),
    (0xFA70, 0xFAD9),
    (0xFB00, 0xFB06),
    (0xFB13, 0xFB17),
    (0xFB1D, 0xFB36),
    (0xFB38, 0xFB3C),
    (0xFB3E, 0xFB3E),
    (0xFB40, 0xFB41),
    (0xFB43, 0xFB44),
    (0xFB46, 0xFBC2),
    (0xFBD3, 0xFD8F),
    (0xFD92, 0xFDC7),
    (0xFDCF, 0xFDCF),
    (0xFDF0, 0xFE19),
    (0xFE20, 0xFE52),
    (0xFE54, 0xFE66),
    (0xFE68, 0xFE6B),
    (0xFE70, 0xFE74),
    (0xFE76, 0xFEFC),
    (0xFEFF, 0xFEFF),
    (0xFF01, 0xFFBE),
    (0xFFC2, 0xFFC7),
    (0xFFCA, 0xFFCF),
    (0xFFD2, 0xFFD7),
    (0xFFDA, 0xFFDC),
    (0xFFE0, 0xFFE6),
    (0xFFE8, 0xFFEE),
    (0xFFF9, 0xFFFD),
    (0x10000, 0x1000B),
    (0x1000D, 0x10026),
    (0x10028, 0x1003A),
    (0x1003C, 0x1003D),
    (0x1003F, 0x1004D),
    (0x10050, 0x1005D),
    (0x10080, 0x100FA),
    (0x10100, 0x10102),
    (0x10107, 0x10133),
    (0x10137, 0x1018E),
    (0x10190, 0x1019C),
    (0x101A0, 0x101A0),
    (0x101D0, 0x101FD),
    (0x10280, 0x1029C),
    (0x102A0, 0x102D0),
    (0x102E0, 0x102FB),
    (0x10300, 0x10323),
    (0x1032D, 0x1034A),
    (0x10350, 0x1037A),
    (0x10380, 0x1039D),
    (0x1039F, 0x103C3),
    (0x103C8, 0x103D5),
    (0x10400, 0x1049D),
    (0x104A0, 0x104A9),
    (0x104B0, 0x104D3),
    (0x104D8, 0x104FB),
    (0x10500, 0x10527),
    (0x10530, 0x10563),
    (0x1056F, 0x1057A),
    (0x1057C, 0x1058A),
    (0x1058C, 0x10592),
    (0x10594, 0x10595),
    (0x10597, 0x105A1),
    (0x105A3, 0x105B1),
    (0x105B3, 0x105B9),
    (0x105BB, 0x105BC),
    (0x10600, 0x10736),
    (0x10740, 0x10755),
    (0x10760, 0x10767),
    (0x10780, 0x10785),
    (0x10787, 0x107B0),
    (0x107B2, 0x107BA),
    (0x10800, 0x10805),
    (0x10808, 0x10808),
    (0x1080A, 0x10835),
    (0x10837, 0x10838),
    (0x1083C, 0x1083C),
    (0x1083F, 0x10855),
    (0x10857, 0x1089E),
    (0x108A7, 0x108AF),
    (0x108E0, 0x108F2),
    (0x108F4, 0x108F5),
    (0x108FB, 0x1091B),
    (0x1091F, 0x10939),
    (0x1093F, 0x1093F),
    (0x10980, 0x109B7),
    (0x109BC, 0x109CF),
    (0x109D2, 0x10A03),
    (0x10A05, 0x10A06),
    (0x10A0C, 0x10A13),
    (0x10A15, 0x10A17),
    (0x10A19, 0x10A35),
    (0x10A38, 0x10A3A),
    (0x10A3F, 0x10A48),
    (0x10A50, 0x10A58),
    (0x10A60, 0x10A9F),
    (0x10AC0, 0x10AE6),
    (0x10AEB, 0x10AF6),
    (0x10B00, 0x10B35),
    (0x10B39, 0x10B55),
    (0x10B58, 0x10B72),
    (0x10B78, 0x10B91),
    (0x10B99, 0x10B9C),
    (0x10BA9, 0x10BAF),
    (0x10C00, 0x10C48),
    (0x10C80, 0x10CB2),
    (0x10CC0, 0x10CF2),
    (0x10CFA, 0x10D27),
    (0x10D30, 0x10D39),
    (0x10E60, 0x10E7E),
    (0x10E80, 0x10EA9),
    (0x10EAB, 0x10EAD),
    (0x10EB0, 0x10EB1),
    (0x10EFD, 0x10F27),
    (0x10F30, 0x10F59),
    (0x10F70, 0x10F89),
    (0x10FB0, 0x10FCB),
    (0x10FE0, 0x10FF6),
    (0x11000, 0x1104D),
    (0x11052, 0x11075),
    (0x1107F, 0x110C2),
    (0x110CD, 0x110CD),
    (0x110D0, 0x110E8),
    (0x110F0, 0x110F9),
    (0x11100, 0x11134),
    (0x11136, 0x11147),
    (0x11150, 0x11176),
    (0x11180, 0x111DF),
    (0x111E1, 0x111F4),
    (0x11200, 0x11211),
    (0x11213, 0x11241),
    (0x11280, 0x11286),
    (0x11288, 0x11288),
    (0x1128A, 0x1128D),
    (0x1128F, 0x1129D),
    (0x1129F, 0x112A9),
    (0x112B0, 0x112EA),
    (0x112F0, 0x112F9),
    (0x11300, 0x11303),
    (0x11305, 0x1130C),
    (0x1130F, 0x11310),
    (0x11313, 0x11328),
    (0x1132A, 0x11330),
    (0x11332, 0x11333),
    (0x11335, 0x11339),
    (0x1133B, 0x11344),
    (0x11347, 0x11348),
    (0x1134B, 0x1134D),
    (0x11350, 0x11350),
    (0x11357, 0x11357),
    (0x1135D, 0x11363),
    (0x11366, 0x1136C),
    (0x11370, 0x11374),
    (0x11400, 0x1145B),
    (0x1145D, 0x11461),
    (0x11480, 0x114C7),
    (0x114D0, 0x114D9),
    (0x11580, 0x115B5),
    (0x115B8, 0x115DD),
    (0x11600, 0x11644),
    (0x11650, 0x11659),
    (0x11660, 0x1166C),
    (0x11680, 0x116B9),
    (0x116C0, 0x116C9),
    (0x11700, 0x1171A),
    (0x1171D, 0x1172B),
    (0x11730, 0x11746),
    (0x11800, 0x1183B),
    (0x118A0, 0x118F2),
    (0x118FF, 0x11906),
    (0x11909, 0x11909),
    (0x1190C, 0x11913),
    (0x11915, 0x11916),
    (0x11918, 0x11935),
    (0x11937, 0x11938),
    (0x1193B, 0x11946),
    (0x11950, 0x11959),
    (0x119A0, 0x119A7),
    (0x119AA, 0x119D7),
    (0x119DA, 0x119E4),
    (0x11A00, 0x11A47),
    (0x11A50, 0x11AA2),
    (0x11AB0, 0x11AF8),
    (0x11B00, 0x11B09),
    (0x11C00, 0x11C08),
    (0x11C0A, 0x11C36),
    (0x11C38, 0x11C45),
    (0x11C50, 0x11C6C),
    (0x11C70, 0x11C8F),
    (0x11C92, 0x11CA7),
    (0x11CA9, 0x11CB6),
    (0x11D00, 0x11D06),
    (0x11D08, 0x11D09),
    (0x11D0B, 0x11D36),
    (0x11D3A, 0x11D3A),
    (0x11D3C, 0x11D3D),
    (0x11D3F, 0x11D47),
    (0x11D50, 0x11D59),
    (0x11D60, 0x11D65),
    (0x11D67, 0x11D68),
    (0x11D6A, 0x11D8E),
    (0x11D90, 0x11D91),
    (0x11D93, 0x11D98),
    (0x11DA0, 0x11DA9),
    (0x11EE0, 0x11EF8),
    (0x11F00, 0x11F10),
    (0x11F12, 0x11F3A),
    (0x11F3E, 0x11F59),
    (0x11FB0, 0x11FB0),
    (0x11FC0, 0x11FF1),
    (0x11FFF, 0x12399),
    (0x12400, 0x1246E),
    (0x12470, 0x12474),
    (0x12480, 0x12543),
    (0x12F90, 0x12FF2),
    (0x13000, 0x13455),
    (0x14400, 0x14646),
    (0x16800, 0x16A38),
    (0x16A40, 0x16A5E),
    (0x16A60, 0x16A69),
    (0x16A6E, 0x16ABE),
    (0x16AC0, 0x16AC9),
    (0x16AD0, 0x16AED),
    (0x16AF0, 0x16AF5),
    (0x16B00, 0x16B45),
    (0x16B50, 0x16B59),
    (0x16B5B, 0x16B61),
    (0x16B63, 0x16B77),
    (0x16B7D, 0x16B8F),
    (0x16E40, 0x16E9A),
    (0x16F00, 0x16F4A),
    (0x16F4F, 0x16F87),
    (0x16F8F, 0x16F9F),
    (0x16FE0, 0x16FE4),
    (0x16FF0, 0x16FF1),
    (0x17000, 0x187F7),
    (0x18800, 0x18CD5),
    (0x18D00, 0x18D08),
    (0x1AFF0, 0x1AFF3),
    (0x1AFF5, 0x1AFFB),
    (0x1AFFD, 0x1AFFE),
    (0x1B000, 0x1B122),
    (0x1B132, 0x1B132),
    (0x1B150, 0x1B152),
    (0x1B155, 0x1B155),
    (0x1B164, 0x1B167),
    (0x1B170, 0x1B2FB),
    (0x1BC00, 0x1BC6A),
    (0x1BC70, 0x1BC7C),
    (0x1BC80, 0x1BC88),
    (0x1BC90, 0x1BC99),
    (0x1BC9C, 0x1BCA3),
    (0x1CF00, 0x1CF2D),
    (0x1CF30, 0x1CF46),
    (0x1CF50, 0x1CFC3),
    (0x1D000, 0x1D0F5),
    (0x1D100, 0x1D126),
    (0x1D129, 0x1D1EA),
    (0x1D200, 0x1D245),
    (0x1D2C0, 0x1D2D3),
    (0x1D2E0, 0x1D2F3),
    (0x1D300, 0x1D356),
    (0x1D360, 0x1D378),
    (0x1D400, 0x1D454),
    (0x1D456, 0x1D49C),
    (0x1D49E, 0x1D49F),
    (0x1D4A2, 0x1D4A2),
    (0x1D4A5, 0x1D4A6),
    (0x1D4A9, 0x1D4AC),
    (0x1D4AE, 0x1D4B9),
    (0x1D4BB, 0x1D4BB),
    (0x1D4BD, 0x1D4C3),
    (0x1D4C5, 0x1D505),
    (0x1D507, 0x1D50A),
    (0x1D50D, 0x1D514),
    (0x1D516, 0x1D51C),
    (0x1D51E, 0x1D539),
    (0x1D53B, 0x1D53E),
    (0x1D540, 0x1D544),
    (0x1D546, 0x1D546),
    (0x1D54A, 0x1D550),
    (0x1D552, 0x1D6A5),
    (0x1D6A8, 0x1D7CB),
    (0x1D7CE, 0x1DA8B),
    (0x1DA9B, 0x1DA9F),
    (0x1DAA1, 0x1DAAF),
    (0x1DF00, 0x1DF1E),
    (0x1DF25, 0x1DF2A),
    (0x1E000, 0x1E006),
    (0x1E008, 0x1E018),
    (0x1E01B, 0x1E021),
    (0x1E023, 0x1E024),
    (0x1E026, 0x1E02A),
    (0x1E030, 0x1E06D),
    (0x1E08F, 0x1E08F),
    (0x1E100, 0x1E12C),
    (0x1E130, 0x1E13D),
    (0x1E140, 0x1E149),
    (0x1E14E, 0x1E14F),
    (0x1E290, 0x1E2AE),
    (0x1E2C0, 0x1E2F9),
    (0x1E2FF, 0x1E2FF),
    (0x1E4D0, 0x1E4F9),
    (0x1E7E0, 0x1E7E6),
    (0x1E7E8, 0x1E7EB),
    (0x1E7ED, 0x1E7EE),
    (0x1E7F0, 0x1E7FE),
    (0x1E800, 0x1E8C4),
    (0x1E8C7, 0x1E8D6),
    (0x1E900, 0x1E94B),
    (0x1E950, 0x1E959),
    (0x1E95E, 0x1E95F),
    (0x1EC71, 0x1ECB4),
    (0x1ED01, 0x1ED3D),
    (0x1EE00, 0x1EE03),
    (0x1EE05, 0x1EE1F),
    (0x1EE21, 0x1EE22),
    (0x1EE24, 0x1EE24),
    (0x1EE27, 0x1EE27),
    (0x1EE29, 0x1EE32),
    (0x1EE34, 0x1EE37),
    (0x1EE39, 0x1EE39),
    (0x1EE3B, 0x1EE3B),
    (0x1EE42, 0x1EE42),
    (0x1EE47, 0x1EE47),
    (0x1EE49, 0x1EE49),
    (0x1EE4B, 0x1EE4B),
    (0x1EE4D, 0x1EE4F),
    (0x1EE51, 0x1EE52),
    (0x1EE54, 0x1EE54),
    (0x1EE57, 0x1EE57),
    (0x1EE59, 0x1EE59),
    (0x1EE5B, 0x1EE5B),
    (0x1EE5D, 0x1EE5D),
    (0x1EE5F, 0x1EE5F),
    (0x1EE61, 0x1EE62),
    (0x1EE64, 0x1EE64),
    (0x1EE67, 0x1EE6A),
    (0x1EE6C, 0x1EE72),
    (0x1EE74, 0x1EE77),
    (0x1EE79, 0x1EE7C),
    (0x1EE7E, 0x1EE7E),
    (0x1EE80, 0x1EE89),
    (0x1EE8B, 0x1EE9B),
    (0x1EEA1, 0x1EEA3),
    (0x1EEA5, 0x1EEA9),
    (0x1EEAB, 0x1EEBB),
    (0x1EEF0, 0x1EEF1),
    (0x1F000, 0x1F02B),
    (0x1F030, 0x1F093),
    (0x1F0A0, 0x1F0AE),
    (0x1F0B1, 0x1F0BF),
    (0x1F0C1, 0x1F0CF),
    (0x1F0D1, 0x1F0F5),
    (0x1F100, 0x1F1AD),
    (0x1F1E6, 0x1F202),
    (0x1F210, 0x1F23B),
    (0x1F240, 0x1F248),
    (0x1F250, 0x1F251),
    (0x1F260, 0x1F265),
    (0x1F300, 0x1F6D7),
    (0x1F6DC, 0x1F6EC),
    (0x1F6F0, 0x1F6FC),
    (0x1F700, 0x1F776),
    (0x1F77B, 0x1F7D9),
    (0x1F7E0, 0x1F7EB),
    (0x1F7F0, 0x1F7F0),
    (0x1F800, 0x1F80B),
    (0x1F810, 0x1F847),
    (0x1F850, 0x1F859),
    (0x1F860, 0x1F887),
    (0x1F890, 0x1F8AD),
    (0x1F8B0, 0x1F8B1),
    (0x1F900, 0x1FA53),
    (0x1FA60, 0x1FA6D),
    (0x1FA70, 0x1FA7C),
    (0x1FA80, 0x1FA88),
    (0x1FA90, 0x1FABD),
    (0x1FABF, 0x1FAC5),
    (0x1FACE, 0x1FADB),
    (0x1FAE0, 0x1FAE8),
    (0x1FAF0, 0x1FAF8),
    (0x1FB00, 0x1FB92),
    (0x1FB94, 0x1FBCA),
    (0x1FBF0, 0x1FBF9),
    (0x20000, 0x2A6DF),
    (0x2A700, 0x2B739),
    (0x2B740, 0x2B81D),
    (0x2B820, 0x2CEA1),
    (0x2CEB0, 0x2EBE0),
    (0x2EBF0, 0x2EE5D),
    (0x2F800, 0x2FA1D),
    (0x30000, 0x3134A),
    (0x31350, 0x323AF),
    (0xE0001, 0xE0001),
    (0xE0020, 0xE007F),
    (0xE0100, 0xE01EF),
    (0xF0000, 0xFFFFD),
    (0x100000, 0x10FFFD),
];

pub static CASEFOLD: [(u32, &str); 1530] = [
    (0x41, "\u{61}"),
    (0x42, "\u{62}"),
    (0x43, "\u{63}"),
    (0x44, "\u{64}"),
    (0x45, "\u{65}"),
    (0x46, "\u{66}"),
    (0x47, "\u{67}"),
    (0x48, "\u{68}"),
    (0x49, "\u{69}"),
    (0x4A, "\u{6A}"),
    (0x4B, "\u{6B}"),
    (0x4C, "\u{6C}"),
    (0x4D, "\u{6D}"),
    (0x4E, "\u{6E}"),
    (0x4F, "\u{6F}"),
    (0x50, "\u{70}"),
    (0x51, "\u{71}"),
    (0x52, "\u{72}"),
    (0x53, "\u{73}"),
    (0x54, "\u{74}"),
    (0x55, "\u{75}"),
    (0x56, "\u{76}"),
    (0x57, "\u{77}"),
    (0x58, "\u{78}"),
    (0x59, "\u{79}"),
    (0x5A, "\u{7A}"),
    (0xB5, "\u{3BC}"),
    (0xC0, "\u{E0}"),
    (0xC1, "\u{E1}"),
    (0xC2, "\u{E2}"),
    (0xC3, "\u{E3}"),
    (0xC4, "\u{E4}"),
    (0xC5, "\u{E5}"),
    (0xC6, "\u{E6}"),
    (0xC7, "\u{E7}"),
    (0xC8, "\u{E8}"),
    (0xC9, "\u{E9}"),
    (0xCA, "\u{EA}"),
    (0xCB, "\u{EB}"),
    (0xCC, "\u{EC}"),
    (0xCD, "\u{ED}"),
    (0xCE, "\u{EE}"),
    (0xCF, "\u{EF}"),
    (0xD0, "\u{F0}"),
    (0xD1, "\u{F1}"),
    (0xD2, "\u{F2}"),
    (0xD3, "\u{F3}"),
    (0xD4, "\u{F4}"),
    (0xD5, "\u{F5}"),
    (0xD6, "\u{F6}"),
    (0xD8, "\u{F8}"),
    (0xD9, "\u{F9}"),
    (0xDA, "\u{FA}"),
    (0xDB, "\u{FB}"),
    (0xDC, "\u{FC}"),
    (0xDD, "\u{FD}"),
    (0xDE, "\u{FE}"),
    (0xDF, "\u{73}\u{73}"),
    (0x100, "\u{101}"),
    (0x102, "\u{103}"),
    (0x104, "\u{105}"),
    (0x106, "\u{107}"),
    (0x108, "\u{109}"),
    (0x10A, "\u{10B}"),
    (0x10C, "\u{10D}"),
    (0x10E, "\u{10F}"),
    (0x110, "\u{111}"),
    (0x112, "\u{113}"),
    (0x114, "\u{115}"),
    (0x116, "\u{117}"),
    (0x118, "\u{119}"),
    (0x11A, "\u{11B}"),
    (0x11C, "\u{11D}"),
    (0x11E, "\u{11F}"),
    (0x120, "\u{121}"),
    (0x122, "\u{123}"),
    (0x124, "\u{125}"),
    (0x126, "\u{127}"),
    (0x128, "\u{129}"),
    (0x12A, "\u{12B}"),
    (0x12C, "\u{12D}"),
    (0x12E, "\u{12F}"),
    (0x130, "\u{69}\u{307}"),
    (0x132, "\u{133}"),
    (0x134, "\u{135}"),
    (0x136, "\u{137}"),
    (0x139, "\u{13A}"),
    (0x13B, "\u{13C}"),
    (0x13D, "\u{13E}"),
    (0x13F, "\u{140}"),
    (0x141, "\u{142}"),
    (0x143, "\u{144}"),
    (0x145, "\u{146}"),
    (0x147, "\u{148}"),
    (0x149, "\u{2BC}\u{6E}"),
    (0x14A, "\u{14B}"),
    (0x14C, "\u{14D}"),
    (0x14E, "\u{14F}"),
    (0x150, "\u{151}"),
    (0x152, "\u{153}"),
    (0x154, "\u{155}"),
    (0x156, "\u{157}"),
    (0x158, "\u{159}"),
    (0x15A, "\u{15B}"),
    (0x15C, "\u{15D}"),
    (0x15E, "\u{15F}"),
    (0x160, "\u{161}"),
    (0x162, "\u{163}"),
    (0x164, "\u{165}"),
    (0x166, "\u{167}"),
    (0x168, "\u{169}"),
    (0x16A, "\u{16B}"),
    (0x16C, "\u{16D}"),
    (0x16E, "\u{16F}"),
    (0x170, "\u{171}"),
    (0x172, "\u{173}"),
    (0x174, "\u{175}"),
    (0x176, "\u{177}"),
    (0x178, "\u{FF}"),
    (0x179, "\u{17A}"),
    (0x17B, "\u{17C}"),
    (0x17D, "\u{17E}"),
    (0x17F, "\u{73}"),
    (0x181, "\u{253}"),
    (0x182, "\u{183}"),
    (0x184, "\u{185}"),
    (0x186, "\u{254}"),
    (0x187, "\u{188}"),
    (0x189, "\u{256}"),
    (0x18A, "\u{257}"),
    (0x18B, "\u{18C}"),
    (0x18E, "\u{1DD}"),
    (0x18F, "\u{259}"),
    (0x190, "\u{25B}"),
    (0x191, "\u{192}"),
    (0x193, "\u{260}"),
    (0x194, "\u{263}"),
    (0x196, "\u{269}"),
    (0x197, "\u{268}"),
    (0x198, "\u{199}"),
    (0x19C, "\u{26F}"),
    (0x19D, "\u{272}"),
    (0x19F, "\u{275}"),
    (0x1A0, "\u{1A1}"),
    (0x1A2, "\u{1A3}"),
    (0x1A4, "\u{1A5}"),
    (0x1A6, "\u{280}"),
    (0x1A7, "\u{1A8}"),
    (0x1A9, "\u{283}"),
    (0x1AC, "\u{1AD}"),
    (0x1AE, "\u{288}"),
    (0x1AF, "\u{1B0}"),
    (0x1B1, "\u{28A}"),
    (0x1B2, "\u{28B}"),
    (0x1B3, "\u{1B4}"),
    (0x1B5, "\u{1B6}"),
    (0x1B7, "\u{292}"),
    (0x1B8, "\u{1B9}"),
    (0x1BC, "\u{1BD}"),
    (0x1C4, "\u{1C6}"),
    (0x1C5, "\u{1C6}"),
    (0x1C7, "\u{1C9}"),
    (0x1C8, "\u{1C9}"),
    (0x1CA, "\u{1CC}"),
    (0x1CB, "\u{1CC}"),
    (0x1CD, "\u{1CE}"),
    (0x1CF, "\u{1D0}"),
    (0x1D1, "\u{1D2}"),
    (0x1D3, "\u{1D4}"),
    (0x1D5, "\u{1D6}"),
    (0x1D7, "\u{1D8}"),
    (0x1D9, "\u{1DA}"),
    (0x1DB, "\u{1DC}"),
    (0x1DE, "\u{1DF}"),
    (0x1E0, "\u{1E1}"),
    (0x1E2, "\u{1E3}"),
    (0x1E4, "\u{1E5}"),
    (0x1E6, "\u{1E7}"),
    (0x1E8, "\u{1E9}"),
    (0x1EA, "\u{1EB}"),
    (0x1EC, "\u{1ED}"),
    (0x1EE, "\u{1EF}"),
    (0x1F0, "\u{6A}\u{30C}"),
    (0x1F1, "\u{1F3}"),
    (0x1F2, "\u{1F3}"),
    (0x1F4, "\u{1F5}"),
    (0x1F6, "\u{195}"),
    (0x1F7, "\u{1BF}"),
    (0x1F8, "\u{1F9}"),
    (0x1FA, "\u{1FB}"),
    (0x1FC, "\u{1FD}"),
    (0x1FE, "\u{1FF}"),
    (0x200, "\u{201}"),
    (0x202, "\u{203}"),
    (0x204, "\u{205}"),
    (0x206, "\u{207}"),
    (0x208, "\u{209}"),
    (0x20A, "\u{20B}"),
    (0x20C, "\u{20D}"),
    (0x20E, "\u{20F}"),
    (0x210, "\u{211}"),
    (0x212, "\u{213}"),
    (0x214, "\u{215}"),
    (0x216, "\u{217}"),
    (0x218, "\u{219}"),
    (0x21A, "\u{21B}"),
    (0x21C, "\u{21D}"),
    (0x21E, "\u{21F}"),
    (0x220, "\u{19E}"),
    (0x222, "\u{223}"),
    (0x224, "\u{225}"),
    (0x226, "\u{227}"),
    (0x228, "\u{229}"),
    (0x22A, "\u{22B}"),
    (0x22C, "\u{22D}"),
    (0x22E, "\u{22F}"),
    (0x230, "\u{231}"),
    (0x232, "\u{233}"),
    (0x23A, "\u{2C65}"),
    (0x23B, "\u{23C}"),
    (0x23D, "\u{19A}"),
    (0x23E, "\u{2C66}"),
    (0x241, "\u{242}"),
    (0x243, "\u{180}"),
    (0x244, "\u{289}"),
    (0x245, "\u{28C}"),
    (0x246, "\u{247}"),
    (0x248, "\u{249}"),
    (0x24A, "\u{24B}"),
    (0x24C, "\u{24D}"),
    (0x24E, "\u{24F}"),
    (0x345, "\u{3B9}"),
    (0x370, "\u{371}"),
    (0x372, "\u{373}"),
    (0x376, "\u{377}"),
    (0x37F, "\u{3F3}"),
    (0x386, "\u{3AC}"),
    (0x388, "\u{3AD}"),
    (0x389, "\u{3AE}"),
    (0x38A, "\u{3AF}"),
    (0x38C, "\u{3CC}"),
    (0x38E, "\u{3CD}"),
    (0x38F, "\u{3CE}"),
    (0x390, "\u{3B9}\u{308}\u{301}"),
    (0x391, "\u{3B1}"),
    (0x392, "\u{3B2}"),
    (0x393, "\u{3B3}"),
    (0x394, "\u{3B4}"),
    (0x395, "\u{3B5}"),
    (0x396, "\u{3B6}"),
    (0x397, "\u{3B7}"),
    (0x398, "\u{3B8}"),
    (0x399, "\u{3B9}"),
    (0x39A, "\u{3BA}"),
    (0x39B, "\u{3BB}"),
    (0x39C, "\u{3BC}"),
    (0x39D, "\u{3BD}"),
    (0x39E, "\u{3BE}"),
    (0x39F, "\u{3BF}"),
    (0x3A0, "\u{3C0}"),
    (0x3A1, "\u{3C1}"),
    (0x3A3, "\u{3C3}"),
    (0x3A4, "\u{3C4}"),
    (0x3A5, "\u{3C5}"),
    (0x3A6, "\u{3C6}"),
    (0x3A7, "\u{3C7}"),
    (0x3A8, "\u{3C8}"),
    (0x3A9, "\u{3C9}"),
    (0x3AA, "\u{3CA}"),
    (0x3AB, "\u{3CB}"),
    (0x3B0, "\u{3C5}\u{308}\u{301}"),
    (0x3C2, "\u{3C3}"),
    (0x3CF, "\u{3D7}"),
    (0x3D0, "\u{3B2}"),
    (0x3D1, "\u{3B8}"),
    (0x3D5, "\u{3C6}"),
    (0x3D6, "\u{3C0}"),
    (0x3D8, "\u{3D9}"),
    (0x3DA, "\u{3DB}"),
    (0x3DC, "\u{3DD}"),
    (0x3DE, "\u{3DF}"),
    (0x3E0, "\u{3E1}"),
    (0x3E2, "\u{3E3}"),
    (0x3E4, "\u{3E5}"),
    (0x3E6, "\u{3E7}"),
    (0x3E8, "\u{3E9}"),
    (0x3EA, "\u{3EB}"),
    (0x3EC, "\u{3ED}"),
    (0x3EE, "\u{3EF}"),
    (0x3F0, "\u{3BA}"),
    (0x3F1, "\u{3C1}"),
    (0x3F4, "\u{3B8}"),
    (0x3F5, "\u{3B5}"),
    (0x3F7, "\u{3F8}"),
    (0x3F9, "\u{3F2}"),
    (0x3FA, "\u{3FB}"),
    (0x3FD, "\u{37B}"),
    (0x3FE, "\u{37C}"),
    (0x3FF, "\u{37D}"),
    (0x400, "\u{450}"),
    (0x401, "\u{451}"),
    (0x402, "\u{452}"),
    (0x403, "\u{453}"),
    (0x404, "\u{454}"),
    (0x405, "\u{455}"),
    (0x406, "\u{456}"),
    (0x407, "\u{457}"),
    (0x408, "\u{458}"),
    (0x409, "\u{459}"),
    (0x40A, "\u{45A}"),
    (0x40B, "\u{45B}"),
    (0x40C, "\u{45C}"),
    (0x40D, "\u{45D}"),
    (0x40E, "\u{45E}"),
    (0x40F, "\u{45F}"),
    (0x410, "\u{430}"),
    (0x411, "\u{431}"),
    (0x412, "\u{432}"),
    (0x413, "\u{433}"),
    (0x414, "\u{434}"),
    (0x415, "\u{435}"),
    (0x416, "\u{436}"),
    (0x417, "\u{437}"),
    (0x418, "\u{438}"),
    (0x419, "\u{439}"),
    (0x41A, "\u{43A}"),
    (0x41B, "\u{43B}"),
    (0x41C, "\u{43C}"),
    (0x41D, "\u{43D}"),
    (0x41E, "\u{43E}"),
    (0x41F, "\u{43F}"),
    (0x420, "\u{440}"),
    (0x421, "\u{441}"),
    (0x422, "\u{442}"),
    (0x423, "\u{443}"),
    (0x424, "\u{444}"),
    (0x425, "\u{445}"),
    (0x426, "\u{446}"),
    (0x427, "\u{447}"),
    (0x428, "\u{448}"),
    (0x429, "\u{449}"),
    (0x42A, "\u{44A}"),
    (0x42B, "\u{44B}"),
    (0x42C, "\u{44C}"),
    (0x42D, "\u{44D}"),
    (0x42E, "\u{44E}"),
    (0x42F, "\u{44F}"),
    (0x460, "\u{461}"),
    (0x462, "\u{463}"),
    (0x464, "\u{465}"),
    (0x466, "\u{467}"),
    (0x468, "\u{469}"),
    (0x46A, "\u{46B}"),
    (0x46C, "\u{46D}"),
    (0x46E, "\u{46F}"),
    (0x470, "\u{471}"),
    (0x472, "\u{473}"),
    (0x474, "\u{475}"),
    (0x476, "\u{477}"),
    (0x478, "\u{479}"),
    (0x47A, "\u{47B}"),
    (0x47C, "\u{47D}"),
    (0x47E, "\u{47F}"),
    (0x480, "\u{481}"),
    (0x48A, "\u{48B}"),
    (0x48C, "\u{48D}"),
    (0x48E, "\u{48F}"),
    (0x490, "\u{491}"),
    (0x492, "\u{493}"),
    (0x494, "\u{495}"),
    (0x496, "\u{497}"),
    (0x498, "\u{499}"),
    (0x49A, "\u{49B}"),
    (0x49C, "\u{49D}"),
    (0x49E, "\u{49F}"),
    (0x4A0, "\u{4A1}"),
    (0x4A2, "\u{4A3}"),
    (0x4A4, "\u{4A5}"),
    (0x4A6, "\u{4A7}"),
    (0x4A8, "\u{4A9}"),
    (0x4AA, "\u{4AB}"),
    (0x4AC, "\u{4AD}"),
    (0x4AE, "\u{4AF}"),
    (0x4B0, "\u{4B1}"),
    (0x4B2, "\u{4B3}"),
    (0x4B4, "\u{4B5}"),
    (0x4B6, "\u{4B7}"),
    (0x4B8, "\u{4B9}"),
    (0x4BA, "\u{4BB}"),
    (0x4BC, "\u{4BD}"),
    (0x4BE, "\u{4BF}"),
    (0x4C0, "\u{4CF}"),
    (0x4C1, "\u{4C2}"),
    (0x4C3, "\u{4C4}"),
    (0x4C5, "\u{4C6}"),
    (0x4C7, "\u{4C8}"),
    (0x4C9, "\u{4CA}"),
    (0x4CB, "\u{4CC}"),
    (0x4CD, "\u{4CE}"),
    (0x4D0, "\u{4D1}"),
    (0x4D2, "\u{4D3}"),
    (0x4D4, "\u{4D5}"),
    (0x4D6, "\u{4D7}"),
    (0x4D8, "\u{4D9}"),
    (0x4DA, "\u{4DB}"),
    (0x4DC, "\u{4DD}"),
    (0x4DE, "\u{4DF}"),
    (0x4E0, "\u{4E1}"),
    (0x4E2, "\u{4E3}"),
    (0x4E4, "\u{4E5}"),
    (0x4E6, "\u{4E7}"),
    (0x4E8, "\u{4E9}"),
    (0x4EA, "\u{4EB}"),
    (0x4EC, "\u{4ED}"),
    (0x4EE, "\u{4EF}"),
    (0x4F0, "\u{4F1}"),
    (0x4F2, "\u{4F3}"),
    (0x4F4, "\u{4F5}"),
    (0x4F6, "\u{4F7}"),
    (0x4F8, "\u{4F9}"),
    (0x4FA, "\u{4FB}"),
    (0x4FC, "\u{4FD}"),
    (0x4FE, "\u{4FF}"),
    (0x500, "\u{501}"),
    (0x502, "\u{503}"),
    (0x504, "\u{505}"),
    (0x506, "\u{507}"),
    (0x508, "\u{509}"),
    (0x50A, "\u{50B}"),
    (0x50C, "\u{50D}"),
    (0x50E, "\u{50F}"),
    (0x510, "\u{511}"),
    (0x512, "\u{513}"),
    (0x514, "\u{515}"),
    (0x516, "\u{517}"),
    (0x518, "\u{519}"),
    (0x51A, "\u{51B}"),
    (0x51C, "\u{51D}"),
    (0x51E, "\u{51F}"),
    (0x520, "\u{521}"),
    (0x522, "\u{523}"),
    (0x524, "\u{525}"),
    (0x526, "\u{527}"),
    (0x528, "\u{529}"),
    (0x52A, "\u{52B}"),
    (0x52C, "\u{52D}"),
    (0x52E, "\u{52F}"),
    (0x531, "\u{561}"),
    (0x532, "\u{562}"),
    (0x533, "\u{563}"),
    (0x534, "\u{564}"),
    (0x535, "\u{565}"),
    (0x536, "\u{566}"),
    (0x537, "\u{567}"),
    (0x538, "\u{568}"),
    (0x539, "\u{569}"),
    (0x53A, "\u{56A}"),
    (0x53B, "\u{56B}"),
    (0x53C, "\u{56C}"),
    (0x53D, "\u{56D}"),
    (0x53E, "\u{56E}"),
    (0x53F, "\u{56F}"),
    (0x540, "\u{570}"),
    (0x541, "\u{571}"),
    (0x542, "\u{572}"),
    (0x543, "\u{573}"),
    (0x544, "\u{574}"),
    (0x545, "\u{575}"),
    (0x546, "\u{576}"),
    (0x547, "\u{577}"),
    (0x548, "\u{578}"),
    (0x549, "\u{579}"),
    (0x54A, "\u{57A}"),
    (0x54B, "\u{57B}"),
    (0x54C, "\u{57C}"),
    (0x54D, "\u{57D}"),
    (0x54E, "\u{57E}"),
    (0x54F, "\u{57F}"),
    (0x550, "\u{580}"),
    (0x551, "\u{581}"),
    (0x552, "\u{582}"),
    (0x553, "\u{583}"),
    (0x554, "\u{584}"),
    (0x555, "\u{585}"),
    (0x556, "\u{586}"),
    (0x587, "\u{565}\u{582}"),
    (0x10A0, "\u{2D00}"),
    (0x10A1, "\u{2D01}"),
    (0x10A2, "\u{2D02}"),
    (0x10A3, "\u{2D03}"),
    (0x10A4, "\u{2D04}"),
    (0x10A5, "\u{2D05}"),
    (0x10A6, "\u{2D06}"),
    (0x10A7, "\u{2D07}"),
    (0x10A8, "\u{2D08}"),
    (0x10A9, "\u{2D09}"),
    (0x10AA, "\u{2D0A}"),
    (0x10AB, "\u{2D0B}"),
    (0x10AC, "\u{2D0C}"),
    (0x10AD, "\u{2D0D}"),
    (0x10AE, "\u{2D0E}"),
    (0x10AF, "\u{2D0F}"),
    (0x10B0, "\u{2D10}"),
    (0x10B1, "\u{2D11}"),
    (0x10B2, "\u{2D12}"),
    (0x10B3, "\u{2D13}"),
    (0x10B4, "\u{2D14}"),
    (0x10B5, "\u{2D15}"),
    (0x10B6, "\u{2D16}"),
    (0x10B7, "\u{2D17}"),
    (0x10B8, "\u{2D18}"),
    (0x10B9, "\u{2D19}"),
    (0x10BA, "\u{2D1A}"),
    (0x10BB, "\u{2D1B}"),
    (0x10BC, "\u{2D1C}"),
    (0x10BD, "\u{2D1D}"),
    (0x10BE, "\u{2D1E}"),
    (0x10BF, "\u{2D1F}"),
    (0x10C0, "\u{2D20}"),
    (0x10C1, "\u{2D21}"),
    (0x10C2, "\u{2D22}"),
    (0x10C3, "\u{2D23}"),
    (0x10C4, "\u{2D24}"),
    (0x10C5, "\u{2D25}"),
    (0x10C7, "\u{2D27}"),
    (0x10CD, "\u{2D2D}"),
    (0x13F8, "\u{13F0}"),
    (0x13F9, "\u{13F1}"),
    (0x13FA, "\u{13F2}"),
    (0x13FB, "\u{13F3}"),
    (0x13FC, "\u{13F4}"),
    (0x13FD, "\u{13F5}"),
    (0x1C80, "\u{432}"),
    (0x1C81, "\u{434}"),
    (0x1C82, "\u{43E}"),
    (0x1C83, "\u{441}"),
    (0x1C84, "\u{442}"),
    (0x1C85, "\u{442}"),
    (0x1C86, "\u{44A}"),
    (0x1C87, "\u{463}"),
    (0x1C88, "\u{A64B}"),
    (0x1C90, "\u{10D0}"),
    (0x1C91, "\u{10D1}"),
    (0x1C92, "\u{10D2}"),
    (0x1C93, "\u{10D3}"),
    (0x1C94, "\u{10D4}"),
    (0x1C95, "\u{10D5}"),
    (0x1C96, "\u{10D6}"),
    (0x1C97, "\u{10D7}"),
    (0x1C98, "\u{10D8}"),
    (0x1C99, "\u{10D9}"),
    (0x1C9A, "\u{10DA}"),
    (0x1C9B, "\u{10DB}"),
    (0x1C9C, "\u{10DC}"),
    (0x1C9D, "\u{10DD}"),
    (0x1C9E, "\u{10DE}"),
    (0x1C9F, "\u{10DF}"),
    (0x1CA0, "\u{10E0}"),
    (0x1CA1, "\u{10E1}"),
    (0x1CA2, "\u{10E2}"),
    (0x1CA3, "\u{10E3}"),
    (0x1CA4, "\u{10E4}"),
    (0x1CA5, "\u{10E5}"),
    (0x1CA6, "\u{10E6}"),
    (0x1CA7, "\u{10E7}"),
    (0x1CA8, "\u{10E8}"),
    (0x1CA9, "\u{10E9}"),
    (0x1CAA, "\u{10EA}"),
    (0x1CAB, "\u{10EB}"),
    (0x1CAC, "\u{10EC}"),
    (0x1CAD, "\u{10ED}"),
    (0x1CAE, "\u{10EE}"),
    (0x1CAF, "\u{10EF}"),
    (0x1CB0, "\u{10F0}"),
    (0x1CB1, "\u{10F1}"),
    (0x1CB2, "\u{10F2}"),
    (0x1CB3, "\u{10F3}"),
    (0x1CB4, "\u{10F4}"),
    (0x1CB5, "\u{10F5}"),
    (0x1CB6, "\u{10F6}"),
    (0x1CB7, "\u{10F7}"),
    (0x1CB8, "\u{10F8}"),
    (0x1CB9, "\u{10F9}"),
    (0x1CBA, "\u{10FA}"),
    (0x1CBD, "\u{10FD}"),
    (0x1CBE, "\u{10FE}"),
    (0x1CBF, "\u{10FF}"),
    (0x1E00, "\u{1E01}"),
    (0x1E02, "\u{1E03}"),
    (0x1E04, "\u{1E05}"),
    (0x1E06, "\u{1E07}"),
    (0x1E08, "\u{1E09}"),
    (0x1E0A, "\u{1E0B}"),
    (0x1E0C, "\u{1E0D}"),
    (0x1E0E, "\u{1E0F}"),
    (0x1E10, "\u{1E11}"),
    (0x1E12, "\u{1E13}"),
    (0x1E14, "\u{1E15}"),
    (0x1E16, "\u{1E17}"),
    (0x1E18, "\u{1E19}"),
    (0x1E1A, "\u{1E1B}"),
    (0x1E1C, "\u{1E1D}"),
    (0x1E1E, "\u{1E1F}"),
    (0x1E20, "\u{1E21}"),
    (0x1E22, "\u{1E23}"),
    (0x1E24, "\u{1E25}"),
    (0x1E26, "\u{1E27}"),
    (0x1E28, "\u{1E29}"),
    (0x1E2A, "\u{1E2B}"),
    (0x1E2C, "\u{1E2D}"),
    (0x1E2E, "\u{1E2F}"),
    (0x1E30, "\u{1E31}"),
    (0x1E32, "\u{1E33}"),
    (0x1E34, "\u{1E35}"),
    (0x1E36, "\u{1E37}"),
    (0x1E38, "\u{1E39}"),
    (0x1E3A, "\u{1E3B}"),
    (0x1E3C, "\u{1E3D}"),
    (0x1E3E, "\u{1E3F}"),
    (0x1E40, "\u{1E41}"),
    (0x1E42, "\u{1E43}"),
    (0x1E44, "\u{1E45}"),
    (0x1E46, "\u{1E47}"),
    (0x1E48, "\u{1E49}"),
    (0x1E4A, "\u{1E4B}"),
    (0x1E4C, "\u{1E4D}"),
    (0x1E4E, "\u{1E4F}"),
    (0x1E50, "\u{1E51}"),
    (0x1E52, "\u{1E53}"),
    (0x1E54, "\u{1E55}"),
    (0x1E56, "\u{1E57}"),
    (0x1E58, "\u{1E59}"),
    (0x1E5A, "\u{1E5B}"),
    (0x1E5C, "\u{1E5D}"),
    (0x1E5E, "\u{1E5F}"),
    (0x1E60, "\u{1E61}"),
    (0x1E62, "\u{1E63}"),
    (0x1E64, "\u{1E65}"),
    (0x1E66, "\u{1E67}"),
    (0x1E68, "\u{1E69}"),
    (0x1E6A, "\u{1E6B}"),
    (0x1E6C, "\u{1E6D}"),
    (0x1E6E, "\u{1E6F}"),
    (0x1E70, "\u{1E71}"),
    (0x1E72, "\u{1E73}"),
    (0x1E74, "\u{1E75}"),
    (0x1E76, "\u{1E77}"),
    (0x1E78, "\u{1E79}"),
    (0x1E7A, "\u{1E7B}"),
    (0x1E7C, "\u{1E7D}"),
    (0x1E7E, "\u{1E7F}"),
    (0x1E80, "\u{1E81}"),
    (0x1E82, "\u{1E83}"),
    (0x1E84, "\u{1E85}"),
    (0x1E86, "\u{1E87}"),
    (0x1E88, "\u{1E89}"),
    (0x1E8A, "\u{1E8B}"),
    (0x1E8C, "\u{1E8D}"),
    (0x1E8E, "\u{1E8F}"),
    (0x1E90, "\u{1E91}"),
    (0x1E92, "\u{1E93}"),
    (0x1E94, "\u{1E95}"),
    (0x1E96, "\u{68}\u{331}"),
    (0x1E97, "\u{74}\u{308}"),
    (0x1E98, "\u{77}\u{30A}"),
    (0x1E99, "\u{79}\u{30A}"),
    (0x1E9A, "\u{61}\u{2BE}"),
    (0x1E9B, "\u{1E61}"),
    (0x1E9E, "\u{73}\u{73}"),
    (0x1EA0, "\u{1EA1}"),
    (0x1EA2, "\u{1EA3}"),
    (0x1EA4, "\u{1EA5}"),
    (0x1EA6, "\u{1EA7}"),
    (0x1EA8, "\u{1EA9}"),
    (0x1EAA, "\u{1EAB}"),
    (0x1EAC, "\u{1EAD}"),
    (0x1EAE, "\u{1EAF}"),
    (0x1EB0, "\u{1EB1}"),
    (0x1EB2, "\u{1EB3}"),
    (0x1EB4, "\u{1EB5}"),
    (0x1EB6, "\u{1EB7}"),
    (0x1EB8, "\u{1EB9}"),
    (0x1EBA, "\u{1EBB}"),
    (0x1EBC, "\u{1EBD}"),
    (0x1EBE, "\u{1EBF}"),
    (0x1EC0, "\u{1EC1}"),
    (0x1EC2, "\u{1EC3}"),
    (0x1EC4, "\u{1EC5}"),
    (0x1EC6, "\u{1EC7}"),
    (0x1EC8, "\u{1EC9}"),
    (0x1ECA, "\u{1ECB}"),
    (0x1ECC, "\u{1ECD}"),
    (0x1ECE, "\u{1ECF}"),
    (0x1ED0, "\u{1ED1}"),
    (0x1ED2, "\u{1ED3}"),
    (0x1ED4, "\u{1ED5}"),
    (0x1ED6, "\u{1ED7}"),
    (0x1ED8, "\u{1ED9}"),
    (0x1EDA, "\u{1EDB}"),
    (0x1EDC, "\u{1EDD}"),
    (0x1EDE, "\u{1EDF}"),
    (0x1EE0, "\u{1EE1}"),
    (0x1EE2, "\u{1EE3}"),
    (0x1EE4, "\u{1EE5}"),
    (0x1EE6, "\u{1EE7}"),
    (0x1EE8, "\u{1EE9}"),
    (0x1EEA, "\u{1EEB}"),
    (0x1EEC, "\u{1EED}"),
    (0x1EEE, "\u{1EEF}"),
    (0x1EF0, "\u{1EF1}"),
    (0x1EF2, "\u{1EF3}"),
    (0x1EF4, "\u{1EF5}"),
    (0x1EF6, "\u{1EF7}"),
    (0x1EF8, "\u{1EF9}"),
    (0x1EFA, "\u{1EFB}"),
    (0x1EFC, "\u{1EFD}"),
    (0x1EFE, "\u{1EFF}"),
    (0x1F08, "\u{1F00}"),
    (0x1F09, "\u{1F01}"),
    (0x1F0A, "\u{1F02}"),
    (0x1F0B, "\u{1F03}"),
    (0x1F0C, "\u{1F04}"),
    (0x1F0D, "\u{1F05}"),
    (0x1F0E, "\u{1F06}"),
    (0x1F0F, "\u{1F07}"),
    (0x1F18, "\u{1F10}"),
    (0x1F19, "\u{1F11}"),
    (0x1F1A, "\u{1F12}"),
    (0x1F1B, "\u{1F13}"),
    (0x1F1C, "\u{1F14}"),
    (0x1F1D, "\u{1F15}"),
    (0x1F28, "\u{1F20}"),
    (0x1F29, "\u{1F21}"),
    (0x1F2A, "\u{1F22}"),
    (0x1F2B, "\u{1F23}"),
    (0x1F2C, "\u{1F24}"),
    (0x1F2D, "\u{1F25}"),
    (0x1F2E, "\u{1F26}"),
    (0x1F2F, "\u{1F27}"),
    (0x1F38, "\u{1F30}"),
    (0x1F39, "\u{1F31}"),
    (0x1F3A, "\u{1F32}"),
    (0x1F3B, "\u{1F33}"),
    (0x1F3C, "\u{1F34}"),
    (0x1F3D, "\u{1F35}"),
    (0x1F3E, "\u{1F36}"),
    (0x1F3F, "\u{1F37}"),
    (0x1F48, "\u{1F40}"),
    (0x1F49, "\u{1F41}"),
    (0x1F4A, "\u{1F42}"),
    (0x1F4B, "\u{1F43}"),
    (0x1F4C, "\u{1F44}"),
    (0x1F4D, "\u{1F45}"),
    (0x1F50, "\u{3C5}\u{313}"),
    (0x1F52, "\u{3C5}\u{313}\u{300}"),
    (0x1F54, "\u{3C5}\u{313}\u{301}"),
    (0x1F56, "\u{3C5}\u{313}\u{342}"),
    (0x1F59, "\u{1F51}"),
    (0x1F5B, "\u{1F53}"),
    (0x1F5D, "\u{1F55}"),
    (0x1F5F, "\u{1F57}"),
    (0x1F68, "\u{1F60}"),
    (0x1F69, "\u{1F61}"),
    (0x1F6A, "\u{1F62}"),
    (0x1F6B, "\u{1F63}"),
    (0x1F6C, "\u{1F64}"),
    (0x1F6D, "\u{1F65}"),
    (0x1F6E, "\u{1F66}"),
    (0x1F6F, "\u{1F67}"),
    (0x1F80, "\u{1F00}\u{3B9}"),
    (0x1F81, "\u{1F01}\u{3B9}"),
    (0x1F82, "\u{1F02}\u{3B9}"),
    (0x1F83, "\u{1F03}\u{3B9}"),
    (0x1F84, "\u{1F04}\u{3B9}"),
    (0x1F85, "\u{1F05}\u{3B9}"),
    (0x1F86, "\u{1F06}\u{3B9}"),
    (0x1F87, "\u{1F07}\u{3B9}"),
    (0x1F88, "\u{1F00}\u{3B9}"),
    (0x1F89, "\u{1F01}\u{3B9}"),
    (0x1F8A, "\u{1F02}\u{3B9}"),
    (0x1F8B, "\u{1F03}\u{3B9}"),
    (0x1F8C, "\u{1F04}\u{3B9}"),
    (0x1F8D, "\u{1F05}\u{3B9}"),
    (0x1F8E, "\u{1F06}\u{3B9}"),
    (0x1F8F, "\u{1F07}\u{3B9}"),
    (0x1F90, "\u{1F20}\u{3B9}"),
    (0x1F91, "\u{1F21}\u{3B9}"),
    (0x1F92, "\u{1F22}\u{3B9}"),
    (0x1F93, "\u{1F23}\u{3B9}"),
    (0x1F94, "\u{1F24}\u{3B9}"),
    (0x1F95, "\u{1F25}\u{3B9}"),
    (0x1F96, "\u{1F26}\u{3B9}"),
    (0x1F97, "\u{1F27}\u{3B9}"),
    (0x1F98, "\u{1F20}\u{3B9}"),
    (0x1F99, "\u{1F21}\u{3B9}"),
    (0x1F9A, "\u{1F22}\u{3B9}"),
    (0x1F9B, "\u{1F23}\u{3B9}"),
    (0x1F9C, "\u{1F24}\u{3B9}"),
    (0x1F9D, "\u{1F25}\u{3B9}"),
    (0x1F9E, "\u{1F26}\u{3B9}"),
    (0x1F9F, "\u{1F27}\u{3B9}"),
    (0x1FA0, "\u{1F60}\u{3B9}"),
    (0x1FA1, "\u{1F61}\u{3B9}"),
    (0x1FA2, "\u{1F62}\u{3B9}"),
    (0x1FA3, "\u{1F63}\u{3B9}"),
    (0x1FA4, "\u{1F64}\u{3B9}"),
    (0x1FA5, "\u{1F65}\u{3B9}"),
    (0x1FA6, "\u{1F66}\u{3B9}"),
    (0x1FA7, "\u{1F67}\u{3B9}"),
    (0x1FA8, "\u{1F60}\u{3B9}"),
    (0x1FA9, "\u{1F61}\u{3B9}"),
    (0x1FAA, "\u{1F62}\u{3B9}"),
    (0x1FAB, "\u{1F63}\u{3B9}"),
    (0x1FAC, "\u{1F64}\u{3B9}"),
    (0x1FAD, "\u{1F65}\u{3B9}"),
    (0x1FAE, "\u{1F66}\u{3B9}"),
    (0x1FAF, "\u{1F67}\u{3B9}"),
    (0x1FB2, "\u{1F70}\u{3B9}"),
    (0x1FB3, "\u{3B1}\u{3B9}"),
    (0x1FB4, "\u{3AC}\u{3B9}"),
    (0x1FB6, "\u{3B1}\u{342}"),
    (0x1FB7, "\u{3B1}\u{342}\u{3B9}"),
    (0x1FB8, "\u{1FB0}"),
    (0x1FB9, "\u{1FB1}"),
    (0x1FBA, "\u{1F70}"),
    (0x1FBB, "\u{1F71}"),
    (0x1FBC, "\u{3B1}\u{3B9}"),
    (0x1FBE, "\u{3B9}"),
    (0x1FC2, "\u{1F74}\u{3B9}"),
    (0x1FC3, "\u{3B7}\u{3B9}"),
    (0x1FC4, "\u{3AE}\u{3B9}"),
    (0x1FC6, "\u{3B7}\u{342}"),
    (0x1FC7, "\u{3B7}\u{342}\u{3B9}"),
    (0x1FC8, "\u{1F72}"),
    (0x1FC9, "\u{1F73}"),
    (0x1FCA, "\u{1F74}"),
    (0x1FCB, "\u{1F75}"),
    (0x1FCC, "\u{3B7}\u{3B9}"),
    (0x1FD2, "\u{3B9}\u{308}\u{300}"),
    (0x1FD3, "\u{3B9}\u{308}\u{301}"),
    (0x1FD6, "\u{3B9}\u{342}"),
    (0x1FD7, "\u{3B9}\u{308}\u{342}"),
    (0x1FD8, "\u{1FD0}"),
    (0x1FD9, "\u{1FD1}"),
    (0x1FDA, "\u{1F76}"),
    (0x1FDB, "\u{1F77}"),
    (0x1FE2, "\u{3C5}\u{308}\u{300}"),
    (0x1FE3, "\u{3C5}\u{308}\u{301}"),
    (0x1FE4, "\u{3C1}\u{313}"),
    (0x1FE6, "\u{3C5}\u{342}"),
    (0x1FE7, "\u{3C5}\u{308}\u{342}"),
    (0x1FE8, "\u{1FE0}"),
    (0x1FE9, "\u{1FE1}"),
    (0x1FEA, "\u{1F7A}"),
    (0x1FEB, "\u{1F7B}"),
    (0x1FEC, "\u{1FE5}"),
    (0x1FF2, "\u{1F7C}\u{3B9}"),
    (0x1FF3, "\u{3C9}\u{3B9}"),
    (0x1FF4, "\u{3CE}\u{3B9}"),
    (0x1FF6, "\u{3C9}\u{342}"),
    (0x1FF7, "\u{3C9}\u{342}\u{3B9}"),
    (0x1FF8, "\u{1F78}"),
    (0x1FF9, "\u{1F79}"),
    (0x1FFA, "\u{1F7C}"),
    (0x1FFB, "\u{1F7D}"),
    (0x1FFC, "\u{3C9}\u{3B9}"),
    (0x2126, "\u{3C9}"),
    (0x212A, "\u{6B}"),
    (0x212B, "\u{E5}"),
    (0x2132, "\u{214E}"),
    (0x2160, "\u{2170}"),
    (0x2161, "\u{2171}"),
    (0x2162, "\u{2172}"),
    (0x2163, "\u{2173}"),
    (0x2164, "\u{2174}"),
    (0x2165, "\u{2175}"),
    (0x2166, "\u{2176}"),
    (0x2167, "\u{2177}"),
    (0x2168, "\u{2178}"),
    (0x2169, "\u{2179}"),
    (0x216A, "\u{217A}"),
    (0x216B, "\u{217B}"),
    (0x216C, "\u{217C}"),
    (0x216D, "\u{217D}"),
    (0x216E, "\u{217E}"),
    (0x216F, "\u{217F}"),
    (0x2183, "\u{2184}"),
    (0x24B6, "\u{24D0}"),
    (0x24B7, "\u{24D1}"),
    (0x24B8, "\u{24D2}"),
    (0x24B9, "\u{24D3}"),
    (0x24BA, "\u{24D4}"),
    (0x24BB, "\u{24D5}"),
    (0x24BC, "\u{24D6}"),
    (0x24BD, "\u{24D7}"),
    (0x24BE, "\u{24D8}"),
    (0x24BF, "\u{24D9}"),
    (0x24C0, "\u{24DA}"),
    (0x24C1, "\u{24DB}"),
    (0x24C2, "\u{24DC}"),
    (0x24C3, "\u{24DD}"),
    (0x24C4, "\u{24DE}"),
    (0x24C5, "\u{24DF}"),
    (0x24C6, "\u{24E0}"),
    (0x24C7, "\u{24E1}"),
    (0x24C8, "\u{24E2}"),
    (0x24C9, "\u{24E3}"),
    (0x24CA, "\u{24E4}"),
    (0x24CB, "\u{24E5}"),
    (0x24CC, "\u{24E6}"),
    (0x24CD, "\u{24E7}"),
    (0x24CE, "\u{24E8}"),
    (0x24CF, "\u{24E9}"),
    (0x2C00, "\u{2C30}"),
    (0x2C01, "\u{2C31}"),
    (0x2C02, "\u{2C32}"),
    (0x2C03, "\u{2C33}"),
    (0x2C04, "\u{2C34}"),
    (0x2C05, "\u{2C35}"),
    (0x2C06, "\u{2C36}"),
    (0x2C07, "\u{2C37}"),
    (0x2C08, "\u{2C38}"),
    (0x2C09, "\u{2C39}"),
    (0x2C0A, "\u{2C3A}"),
    (0x2C0B, "\u{2C3B}"),
    (0x2C0C, "\u{2C3C}"),
    (0x2C0D, "\u{2C3D}"),
    (0x2C0E, "\u{2C3E}"),
    (0x2C0F, "\u{2C3F}"),
    (0x2C10, "\u{2C40}"),
    (0x2C11, "\u{2C41}"),
    (0x2C12, "\u{2C42}"),
    (0x2C13, "\u{2C43}"),
    (0x2C14, "\u{2C44}"),
    (0x2C15, "\u{2C45}"),
    (0x2C16, "\u{2C46}"),
    (0x2C17, "\u{2C47}"),
    (0x2C18, "\u{2C48}"),
    (0x2C19, "\u{2C49}"),
    (0x2C1A, "\u{2C4A}"),
    (0x2C1B, "\u{2C4B}"),
    (0x2C1C, "\u{2C4C}"),
    (0x2C1D, "\u{2C4D}"),
    (0x2C1E, "\u{2C4E}"),
    (0x2C1F, "\u{2C4F}"),
    (0x2C20, "\u{2C50}"),
    (0x2C21, "\u{2C51}"),
    (0x2C22, "\u{2C52}"),
    (0x2C23, "\u{2C53}"),
    (0x2C24, "\u{2C54}"),
    (0x2C25, "\u{2C55}"),
    (0x2C26, "\u{2C56}"),
    (0x2C27, "\u{2C57}"),
    (0x2C28, "\u{2C58}"),
    (0x2C29, "\u{2C59}"),
    (0x2C2A, "\u{2C5A}"),
    (0x2C2B, "\u{2C5B}"),
    (0x2C2C, "\u{2C5C}"),
    (0x2C2D, "\u{2C5D}"),
    (0x2C2E, "\u{2C5E}"),
    (0x2C2F, "\u{2C5F}"),
    (0x2C60, "\u{2C61}"),
    (0x2C62, "\u{26B}"),
    (0x2C63, "\u{1D7D}"),
    (0x2C64, "\u{27D}"),
    (0x2C67, "\u{2C68}"),
    (0x2C69, "\u{2C6A}"),
    (0x2C6B, "\u{2C6C}"),
    (0x2C6D, "\u{251}"),
    (0x2C6E, "\u{271}"),
    (0x2C6F, "\u{250}"),
    (0x2C70, "\u{252}"),
    (0x2C72, "\u{2C73}"),
    (0x2C75, "\u{2C76}"),
    (0x2C7E, "\u{23F}"),
    (0x2C7F, "\u{240}"),
    (0x2C80, "\u{2C81}"),
    (0x2C82, "\u{2C83}"),
    (0x2C84, "\u{2C85}"),
    (0x2C86, "\u{2C87}"),
    (0x2C88, "\u{2C89}"),
    (0x2C8A, "\u{2C8B}"),
    (0x2C8C, "\u{2C8D}"),
    (0x2C8E, "\u{2C8F}"),
    (0x2C90, "\u{2C91}"),
    (0x2C92, "\u{2C93}"),
    (0x2C94, "\u{2C95}"),
    (0x2C96, "\u{2C97}"),
    (0x2C98, "\u{2C99}"),
    (0x2C9A, "\u{2C9B}"),
    (0x2C9C, "\u{2C9D}"),
    (0x2C9E, "\u{2C9F}"),
    (0x2CA0, "\u{2CA1}"),
    (0x2CA2, "\u{2CA3}"),
    (0x2CA4, "\u{2CA5}"),
    (0x2CA6, "\u{2CA7}"),
    (0x2CA8, "\u{2CA9}"),
    (0x2CAA, "\u{2CAB}"),
    (0x2CAC, "\u{2CAD}"),
    (0x2CAE, "\u{2CAF}"),
    (0x2CB0, "\u{2CB1}"),
    (0x2CB2, "\u{2CB3}"),
    (0x2CB4, "\u{2CB5}"),
    (0x2CB6, "\u{2CB7}"),
    (0x2CB8, "\u{2CB9}"),
    (0x2CBA, "\u{2CBB}"),
    (0x2CBC, "\u{2CBD}"),
    (0x2CBE, "\u{2CBF}"),
    (0x2CC0, "\u{2CC1}"),
    (0x2CC2, "\u{2CC3}"),
    (0x2CC4, "\u{2CC5}"),
    (0x2CC6, "\u{2CC7}"),
    (0x2CC8, "\u{2CC9}"),
    (0x2CCA, "\u{2CCB}"),
    (0x2CCC, "\u{2CCD}"),
    (0x2CCE, "\u{2CCF}"),
    (0x2CD0, "\u{2CD1}"),
    (0x2CD2, "\u{2CD3}"),
    (0x2CD4, "\u{2CD5}"),
    (0x2CD6, "\u{2CD7}"),
    (0x2CD8, "\u{2CD9}"),
    (0x2CDA, "\u{2CDB}"),
    (0x2CDC, "\u{2CDD}"),
    (0x2CDE, "\u{2CDF}"),
    (0x2CE0, "\u{2CE1}"),
    (0x2CE2, "\u{2CE3}"),
    (0x2CEB, "\u{2CEC}"),
    (0x2CED, "\u{2CEE}"),
    (0x2CF2, "\u{2CF3}"),
    (0xA640, "\u{A641}"),
    (0xA642, "\u{A643}"),
    (0xA644, "\u{A645}"),
    (0xA646, "\u{A647}"),
    (0xA648, "\u{A649}"),
    (0xA64A, "\u{A64B}"),
    (0xA64C, "\u{A64D}"),
    (0xA64E, "\u{A64F}"),
    (0xA650, "\u{A651}"),
    (0xA652, "\u{A653}"),
    (0xA654, "\u{A655}"),
    (0xA656, "\u{A657}"),
    (0xA658, "\u{A659}"),
    (0xA65A, "\u{A65B}"),
    (0xA65C, "\u{A65D}"),
    (0xA65E, "\u{A65F}"),
    (0xA660, "\u{A661}"),
    (0xA662, "\u{A663}"),
    (0xA664, "\u{A665}"),
    (0xA666, "\u{A667}"),
    (0xA668, "\u{A669}"),
    (0xA66A, "\u{A66B}"),
    (0xA66C, "\u{A66D}"),
    (0xA680, "\u{A681}"),
    (0xA682, "\u{A683}"),
    (0xA684, "\u{A685}"),
    (0xA686, "\u{A687}"),
    (0xA688, "\u{A689}"),
    (0xA68A, "\u{A68B}"),
    (0xA68C, "\u{A68D}"),
    (0xA68E, "\u{A68F}"),
    (0xA690, "\u{A691}"),
    (0xA692, "\u{A693}"),
    (0xA694, "\u{A695}"),
    (0xA696, "\u{A697}"),
    (0xA698, "\u{A699}"),
    (0xA69A, "\u{A69B}"),
    (0xA722, "\u{A723}"),
    (0xA724, "\u{A725}"),
    (0xA726, "\u{A727}"),
    (0xA728, "\u{A729}"),
    (0xA72A, "\u{A72B}"),
    (0xA72C, "\u{A72D}"),
    (0xA72E, "\u{A72F}"),
    (0xA732, "\u{A733}"),
    (0xA734, "\u{A735}"),
    (0xA736, "\u{A737}"),
    (0xA738, "\u{A739}"),
    (0xA73A, "\u{A73B}"),
    (0xA73C, "\u{A73D}"),
    (0xA73E, "\u{A73F}"),
    (0xA740, "\u{A741}"),
    (0xA742, "\u{A743}"),
    (0xA744, "\u{A745}"),
    (0xA746, "\u{A747}"),
    (0xA748, "\u{A749}"),
    (0xA74A, "\u{A74B}"),
    (0xA74C, "\u{A74D}"),
    (0xA74E, "\u{A74F}"),
    (0xA750, "\u{A751}"),
    (0xA752, "\u{A753}"),
    (0xA754, "\u{A755}"),
    (0xA756, "\u{A757}"),
    (0xA758, "\u{A759}"),
    (0xA75A, "\u{A75B}"),
    (0xA75C, "\u{A75D}"),
    (0xA75E, "\u{A75F}"),
    (0xA760, "\u{A761}"),
    (0xA762, "\u{A763}"),
    (0xA764, "\u{A765}"),
    (0xA766, "\u{A767}"),
    (0xA768, "\u{A769}"),
    (0xA76A, "\u{A76B}"),
    (0xA76C, "\u{A76D}"),
    (0xA76E, "\u{A76F}"),
    (0xA779, "\u{A77A}"),
    (0xA77B, "\u{A77C}"),
    (0xA77D, "\u{1D79}"),
    (0xA77E, "\u{A77F}"),
    (0xA780, "\u{A781}"),
    (0xA782, "\u{A783}"),
    (0xA784, "\u{A785}"),
    (0xA786, "\u{A787}"),
    (0xA78B, "\u{A78C}"),
    (0xA78D, "\u{265}"),
    (0xA790, "\u{A791}"),
    (0xA792, "\u{A793}"),
    (0xA796, "\u{A797}"),
    (0xA798, "\u{A799}"),
    (0xA79A, "\u{A79B}"),
    (0xA79C, "\u{A79D}"),
    (0xA79E, "\u{A79F}"),
    (0xA7A0, "\u{A7A1}"),
    (0xA7A2, "\u{A7A3}"),
    (0xA7A4, "\u{A7A5}"),
    (0xA7A6, "\u{A7A7}"),
    (0xA7A8, "\u{A7A9}"),
    (0xA7AA, "\u{266}"),
    (0xA7AB, "\u{25C}"),
    (0xA7AC, "\u{261}"),
    (0xA7AD, "\u{26C}"),
    (0xA7AE, "\u{26A}"),
    (0xA7B0, "\u{29E}"),
    (0xA7B1, "\u{287}"),
    (0xA7B2, "\u{29D}"),
    (0xA7B3, "\u{AB53}"),
    (0xA7B4, "\u{A7B5}"),
    (0xA7B6, "\u{A7B7}"),
    (0xA7B8, "\u{A7B9}"),
    (0xA7BA, "\u{A7BB}"),
    (0xA7BC, "\u{A7BD}"),
    (0xA7BE, "\u{A7BF}"),
    (0xA7C0, "\u{A7C1}"),
    (0xA7C2, "\u{A7C3}"),
    (0xA7C4, "\u{A794}"),
    (0xA7C5, "\u{282}"),
    (0xA7C6, "\u{1D8E}"),
    (0xA7C7, "\u{A7C8}"),
    (0xA7C9, "\u{A7CA}"),
    (0xA7D0, "\u{A7D1}"),
    (0xA7D6, "\u{A7D7}"),
    (0xA7D8, "\u{A7D9}"),
    (0xA7F5, "\u{A7F6}"),
    (0xAB70, "\u{13A0}"),
    (0xAB71, "\u{13A1}"),
    (0xAB72, "\u{13A2}"),
    (0xAB73, "\u{13A3}"),
    (0xAB74, "\u{13A4}"),
    (0xAB75, "\u{13A5}"),
    (0xAB76, "\u{13A6}"),
    (0xAB77, "\u{13A7}"),
    (0xAB78, "\u{13A8}"),
    (0xAB79, "\u{13A9}"),
    (0xAB7A, "\u{13AA}"),
    (0xAB7B, "\u{13AB}"),
    (0xAB7C, "\u{13AC}"),
    (0xAB7D, "\u{13AD}"),
    (0xAB7E, "\u{13AE}"),
    (0xAB7F, "\u{13AF}"),
    (0xAB80, "\u{13B0}"),
    (0xAB81, "\u{13B1}"),
    (0xAB82, "\u{13B2}"),
    (0xAB83, "\u{13B3}"),
    (0xAB84, "\u{13B4}"),
    (0xAB85, "\u{13B5}"),
    (0xAB86, "\u{13B6}"),
    (0xAB87, "\u{13B7}"),
    (0xAB88, "\u{13B8}"),
    (0xAB89, "\u{13B9}"),
    (0xAB8A, "\u{13BA}"),
    (0xAB8B, "\u{13BB}"),
    (0xAB8C, "\u{13BC}"),
    (0xAB8D, "\u{13BD}"),
    (0xAB8E, "\u{13BE}"),
    (0xAB8F, "\u{13BF}"),
    (0xAB90, "\u{13C0}"),
    (0xAB91, "\u{13C1}"),
    (0xAB92, "\u{13C2}"),
    (0xAB93, "\u{13C3}"),
    (0xAB94, "\u{13C4}"),
    (0xAB95, "\u{13C5}"),
    (0xAB96, "\u{13C6}"),
    (0xAB97, "\u{13C7}"),
    (0xAB98, "\u{13C8}"),
    (0xAB99, "\u{13C9}"),
    (0xAB9A, "\u{13CA}"),
    (0xAB9B, "\u{13CB}"),
    (0xAB9C, "\u{13CC}"),
    (0xAB9D, "\u{13CD}"),
    (0xAB9E, "\u{13CE}"),
    (0xAB9F, "\u{13CF}"),
    (0xABA0, "\u{13D0}"),
    (0xABA1, "\u{13D1}"),
    (0xABA2, "\u{13D2}"),
    (0xABA3, "\u{13D3}"),
    (0xABA4, "\u{13D4}"),
    (0xABA5, "\u{13D5}"),
    (0xABA6, "\u{13D6}"),
    (0xABA7, "\u{13D7}"),
    (0xABA8, "\u{13D8}"),
    (0xABA9, "\u{13D9}"),
    (0xABAA, "\u{13DA}"),
    (0xABAB, "\u{13DB}"),
    (0xABAC, "\u{13DC}"),
    (0xABAD, "\u{13DD}"),
    (0xABAE, "\u{13DE}"),
    (0xABAF, "\u{13DF}"),
    (0xABB0, "\u{13E0}"),
    (0xABB1, "\u{13E1}"),
    (0xABB2, "\u{13E2}"),
    (0xABB3, "\u{13E3}"),
    (0xABB4, "\u{13E4}"),
    (0xABB5, "\u{13E5}"),
    (0xABB6, "\u{13E6}"),
    (0xABB7, "\u{13E7}"),
    (0xABB8, "\u{13E8}"),
    (0xABB9, "\u{13E9}"),
    (0xABBA, "\u{13EA}"),
    (0xABBB, "\u{13EB}"),
    (0xABBC, "\u{13EC}"),
    (0xABBD, "\u{13ED}"),
    (0xABBE, "\u{13EE}"),
    (0xABBF, "\u{13EF}"),
    (0xFB00, "\u{66}\u{66}"),
    (0xFB01, "\u{66}\u{69}"),
    (0xFB02, "\u{66}\u{6C}"),
    (0xFB03, "\u{66}\u{66}\u{69}"),
    (0xFB04, "\u{66}\u{66}\u{6C}"),
    (0xFB05, "\u{73}\u{74}"),
    (0xFB06, "\u{73}\u{74}"),
    (0xFB13, "\u{574}\u{576}"),
    (0xFB14, "\u{574}\u{565}"),
    (0xFB15, "\u{574}\u{56B}"),
    (0xFB16, "\u{57E}\u{576}"),
    (0xFB17, "\u{574}\u{56D}"),
    (0xFF21, "\u{FF41}"),
    (0xFF22, "\u{FF42}"),
    (0xFF23, "\u{FF43}"),
    (0xFF24, "\u{FF44}"),
    (0xFF25, "\u{FF45}"),
    (0xFF26, "\u{FF46}"),
    (0xFF27, "\u{FF47}"),
    (0xFF28, "\u{FF48}"),
    (0xFF29, "\u{FF49}"),
    (0xFF2A, "\u{FF4A}"),
    (0xFF2B, "\u{FF4B}"),
    (0xFF2C, "\u{FF4C}"),
    (0xFF2D, "\u{FF4D}"),
    (0xFF2E, "\u{FF4E}"),
    (0xFF2F, "\u{FF4F}"),
    (0xFF30, "\u{FF50}"),
    (0xFF31, "\u{FF51}"),
    (0xFF32, "\u{FF52}"),
    (0xFF33, "\u{FF53}"),
    (0xFF34, "\u{FF54}"),
    (0xFF35, "\u{FF55}"),
    (0xFF36, "\u{FF56}"),
    (0xFF37, "\u{FF57}"),
    (0xFF38, "\u{FF58}"),
    (0xFF39, "\u{FF59}"),
    (0xFF3A, "\u{FF5A}"),
    (0x10400, "\u{10428}"),
    (0x10401, "\u{10429}"),
    (0x10402, "\u{1042A}"),
    (0x10403, "\u{1042B}"),
    (0x10404, "\u{1042C}"),
    (0x10405, "\u{1042D}"),
    (0x10406, "\u{1042E}"),
    (0x10407, "\u{1042F}"),
    (0x10408, "\u{10430}"),
    (0x10409, "\u{10431}"),
    (0x1040A, "\u{10432}"),
    (0x1040B, "\u{10433}"),
    (0x1040C, "\u{10434}"),
    (0x1040D, "\u{10435}"),
    (0x1040E, "\u{10436}"),
    (0x1040F, "\u{10437}"),
    (0x10410, "\u{10438}"),
    (0x10411, "\u{10439}"),
    (0x10412, "\u{1043A}"),
    (0x10413, "\u{1043B}"),
    (0x10414, "\u{1043C}"),
    (0x10415, "\u{1043D}"),
    (0x10416, "\u{1043E}"),
    (0x10417, "\u{1043F}"),
    (0x10418, "\u{10440}"),
    (0x10419, "\u{10441}"),
    (0x1041A, "\u{10442}"),
    (0x1041B, "\u{10443}"),
    (0x1041C, "\u{10444}"),
    (0x1041D, "\u{10445}"),
    (0x1041E, "\u{10446}"),
    (0x1041F, "\u{10447}"),
    (0x10420, "\u{10448}"),
    (0x10421, "\u{10449}"),
    (0x10422, "\u{1044A}"),
    (0x10423, "\u{1044B}"),
    (0x10424, "\u{1044C}"),
    (0x10425, "\u{1044D}"),
    (0x10426, "\u{1044E}"),
    (0x10427, "\u{1044F}"),
    (0x104B0, "\u{104D8}"),
    (0x104B1, "\u{104D9}"),
    (0x104B2, "\u{104DA}"),
    (0x104B3, "\u{104DB}"),
    (0x104B4, "\u{104DC}"),
    (0x104B5, "\u{104DD}"),
    (0x104B6, "\u{104DE}"),
    (0x104B7, "\u{104DF}"),
    (0x104B8, "\u{104E0}"),
    (0x104B9, "\u{104E1}"),
    (0x104BA, "\u{104E2}"),
    (0x104BB, "\u{104E3}"),
    (0x104BC, "\u{104E4}"),
    (0x104BD, "\u{104E5}"),
    (0x104BE, "\u{104E6}"),
    (0x104BF, "\u{104E7}"),
    (0x104C0, "\u{104E8}"),
    (0x104C1, "\u{104E9}"),
    (0x104C2, "\u{104EA}"),
    (0x104C3, "\u{104EB}"),
    (0x104C4, "\u{104EC}"),
    (0x104C5, "\u{104ED}"),
    (0x104C6, "\u{104EE}"),
    (0x104C7, "\u{104EF}"),
    (0x104C8, "\u{104F0}"),
    (0x104C9, "\u{104F1}"),
    (0x104CA, "\u{104F2}"),
    (0x104CB, "\u{104F3}"),
    (0x104CC, "\u{104F4}"),
    (0x104CD, "\u{104F5}"),
    (0x104CE, "\u{104F6}"),
    (0x104CF, "\u{104F7}"),
    (0x104D0, "\u{104F8}"),
    (0x104D1, "\u{104F9}"),
    (0x104D2, "\u{104FA}"),
    (0x104D3, "\u{104FB}"),
    (0x10570, "\u{10597}"),
    (0x10571, "\u{10598}"),
    (0x10572, "\u{10599}"),
    (0x10573, "\u{1059A}"),
    (0x10574, "\u{1059B}"),
    (0x10575, "\u{1059C}"),
    (0x10576, "\u{1059D}"),
    (0x10577, "\u{1059E}"),
    (0x10578, "\u{1059F}"),
    (0x10579, "\u{105A0}"),
    (0x1057A, "\u{105A1}"),
    (0x1057C, "\u{105A3}"),
    (0x1057D, "\u{105A4}"),
    (0x1057E, "\u{105A5}"),
    (0x1057F, "\u{105A6}"),
    (0x10580, "\u{105A7}"),
    (0x10581, "\u{105A8}"),
    (0x10582, "\u{105A9}"),
    (0x10583, "\u{105AA}"),
    (0x10584, "\u{105AB}"),
    (0x10585, "\u{105AC}"),
    (0x10586, "\u{105AD}"),
    (0x10587, "\u{105AE}"),
    (0x10588, "\u{105AF}"),
    (0x10589, "\u{105B0}"),
    (0x1058A, "\u{105B1}"),
    (0x1058C, "\u{105B3}"),
    (0x1058D, "\u{105B4}"),
    (0x1058E, "\u{105B5}"),
    (0x1058F, "\u{105B6}"),
    (0x10590, "\u{105B7}"),
    (0x10591, "\u{105B8}"),
    (0x10592, "\u{105B9}"),
    (0x10594, "\u{105BB}"),
    (0x10595, "\u{105BC}"),
    (0x10C80, "\u{10CC0}"),
    (0x10C81, "\u{10CC1}"),
    (0x10C82, "\u{10CC2}"),
    (0x10C83, "\u{10CC3}"),
    (0x10C84, "\u{10CC4}"),
    (0x10C85, "\u{10CC5}"),
    (0x10C86, "\u{10CC6}"),
    (0x10C87, "\u{10CC7}"),
    (0x10C88, "\u{10CC8}"),
    (0x10C89, "\u{10CC9}"),
    (0x10C8A, "\u{10CCA}"),
    (0x10C8B, "\u{10CCB}"),
    (0x10C8C, "\u{10CCC}"),
    (0x10C8D, "\u{10CCD}"),
    (0x10C8E, "\u{10CCE}"),
    (0x10C8F, "\u{10CCF}"),
    (0x10C90, "\u{10CD0}"),
    (0x10C91, "\u{10CD1}"),
    (0x10C92, "\u{10CD2}"),
    (0x10C93, "\u{10CD3}"),
    (0x10C94, "\u{10CD4}"),
    (0x10C95, "\u{10CD5}"),
    (0x10C96, "\u{10CD6}"),
    (0x10C97, "\u{10CD7}"),
    (0x10C98, "\u{10CD8}"),
    (0x10C99, "\u{10CD9}"),
    (0x10C9A, "\u{10CDA}"),
    (0x10C9B, "\u{10CDB}"),
    (0x10C9C, "\u{10CDC}"),
    (0x10C9D, "\u{10CDD}"),
    (0x10C9E, "\u{10CDE}"),
    (0x10C9F, "\u{10CDF}"),
    (0x10CA0, "\u{10CE0}"),
    (0x10CA1, "\u{10CE1}"),
    (0x10CA2, "\u{10CE2}"),
    (0x10CA3, "\u{10CE3}"),
    (0x10CA4, "\u{10CE4}"),
    (0x10CA5, "\u{10CE5}"),
    (0x10CA6, "\u{10CE6}"),
    (0x10CA7, "\u{10CE7}"),
    (0x10CA8, "\u{10CE8}"),
    (0x10CA9, "\u{10CE9}"),
    (0x10CAA, "\u{10CEA}"),
    (0x10CAB, "\u{10CEB}"),
    (0x10CAC, "\u{10CEC}"),
    (0x10CAD, "\u{10CED}"),
    (0x10CAE, "\u{10CEE}"),
    (0x10CAF, "\u{10CEF}"),
    (0x10CB0, "\u{10CF0}"),
    (0x10CB1, "\u{10CF1}"),
    (0x10CB2, "\u{10CF2}"),
    (0x118A0, "\u{118C0}"),
    (0x118A1, "\u{118C1}"),
    (0x118A2, "\u{118C2}"),
    (0x118A3, "\u{118C3}"),
    (0x118A4, "\u{118C4}"),
    (0x118A5, "\u{118C5}"),
    (0x118A6, "\u{118C6}"),
    (0x118A7, "\u{118C7}"),
    (0x118A8, "\u{118C8}"),
    (0x118A9, "\u{118C9}"),
    (0x118AA, "\u{118CA}"),
    (0x118AB, "\u{118CB}"),
    (0x118AC, "\u{118CC}"),
    (0x118AD, "\u{118CD}"),
    (0x118AE, "\u{118CE}"),
    (0x118AF, "\u{118CF}"),
    (0x118B0, "\u{118D0}"),
    (0x118B1, "\u{118D1}"),
    (0x118B2, "\u{118D2}"),
    (0x118B3, "\u{118D3}"),
    (0x118B4, "\u{118D4}"),
    (0x118B5, "\u{118D5}"),
    (0x118B6, "\u{118D6}"),
    (0x118B7, "\u{118D7}"),
    (0x118B8, "\u{118D8}"),
    (0x118B9, "\u{118D9}"),
    (0x118BA, "\u{118DA}"),
    (0x118BB, "\u{118DB}"),
    (0x118BC, "\u{118DC}"),
    (0x118BD, "\u{118DD}"),
    (0x118BE, "\u{118DE}"),
    (0x118BF, "\u{118DF}"),
    (0x16E40, "\u{16E60}"),
    (0x16E41, "\u{16E61}"),
    (0x16E42, "\u{16E62}"),
    (0x16E43, "\u{16E63}"),
    (0x16E44, "\u{16E64}"),
    (0x16E45, "\u{16E65}"),
    (0x16E46, "\u{16E66}"),
    (0x16E47, "\u{16E67}"),
    (0x16E48, "\u{16E68}"),
    (0x16E49, "\u{16E69}"),
    (0x16E4A, "\u{16E6A}"),
    (0x16E4B, "\u{16E6B}"),
    (0x16E4C, "\u{16E6C}"),
    (0x16E4D, "\u{16E6D}"),
    (0x16E4E, "\u{16E6E}"),
    (0x16E4F, "\u{16E6F}"),
    (0x16E50, "\u{16E70}"),
    (0x16E51, "\u{16E71}"),
    (0x16E52, "\u{16E72}"),
    (0x16E53, "\u{16E73}"),
    (0x16E54, "\u{16E74}"),
    (0x16E55, "\u{16E75}"),
    (0x16E56, "\u{16E76}"),
    (0x16E57, "\u{16E77}"),
    (0x16E58, "\u{16E78}"),
    (0x16E59, "\u{16E79}"),
    (0x16E5A, "\u{16E7A}"),
    (0x16E5B, "\u{16E7B}"),
    (0x16E5C, "\u{16E7C}"),
    (0x16E5D, "\u{16E7D}"),
    (0x16E5E, "\u{16E7E}"),
    (0x16E5F, "\u{16E7F}"),
    (0x1E900, "\u{1E922}"),
    (0x1E901, "\u{1E923}"),
    (0x1E902, "\u{1E924}"),
    (0x1E903, "\u{1E925}"),
    (0x1E904, "\u{1E926}"),
    (0x1E905, "\u{1E927}"),
    (0x1E906, "\u{1E928}"),
    (0x1E907, "\u{1E929}"),
    (0x1E908, "\u{1E92A}"),
    (0x1E909, "\u{1E92B}"),
    (0x1E90A, "\u{1E92C}"),
    (0x1E90B, "\u{1E92D}"),
    (0x1E90C, "\u{1E92E}"),
    (0x1E90D, "\u{1E92F}"),
    (0x1E90E, "\u{1E930}"),
    (0x1E90F, "\u{1E931}"),
    (0x1E910, "\u{1E932}"),
    (0x1E911, "\u{1E933}"),
    (0x1E912, "\u{1E934}"),
    (0x1E913, "\u{1E935}"),
    (0x1E914, "\u{1E936}"),
    (0x1E915, "\u{1E937}"),
    (0x1E916, "\u{1E938}"),
    (0x1E917, "\u{1E939}"),
    (0x1E918, "\u{1E93A}"),
    (0x1E919, "\u{1E93B}"),
    (0x1E91A, "\u{1E93C}"),
    (0x1E91B, "\u{1E93D}"),
    (0x1E91C, "\u{1E93E}"),
    (0x1E91D, "\u{1E93F}"),
    (0x1E91E, "\u{1E940}"),
    (0x1E91F, "\u{1E941}"),
    (0x1E920, "\u{1E942}"),
    (0x1E921, "\u{1E943}"),
];
